checking_account_status,duration_months,credit_amount,savings_account,employment_since,installment_rate_pct,residence_since,property,age,existing_credits_count,job,num_dependents,target,debt_to_income_proxy,age_band,credit_history_A31,credit_history_A32,credit_history_A33,credit_history_A34,purpose_A41,purpose_A410,purpose_A42,purpose_A43,purpose_A44,purpose_A45,purpose_A46,purpose_A48,purpose_A49,personal_status_sex_A92,personal_status_sex_A93,personal_status_sex_A94,other_debtors_A102,other_debtors_A103,other_installment_plans_A142,other_installment_plans_A143,housing_A152,housing_A153,telephone_A192,foreign_worker_A202
3,30,4530,0,3,4,4,2,26,1,3,1,1,181.2,25-40,False,False,False,True,False,False,False,True,False,False,False,False,False,True,False,False,False,False,False,True,False,False,True,False
1,30,2503,1,4,4,2,1,41,2,2,1,1,100.12,40-60,False,False,True,False,False,False,False,False,False,False,False,False,True,False,True,False,False,False,True,False,True,False,False,False
1,12,1567,0,2,1,1,2,22,1,2,1,1,15.67,<25,False,True,False,False,False,False,False,True,False,False,False,False,False,True,False,False,False,False,False,True,True,False,True,False
1,21,3976,4,3,2,3,2,35,1,2,1,1,79.52,25-40,False,True,False,False,False,False,True,False,False,False,False,False,False,False,True,False,False,False,False,True,True,False,True,False
3,9,2301,1,1,2,4,1,22,1,2,1,1,46.02,<25,False,True,False,False,False,False,True,False,False,False,False,False,False,True,False,False,False,False,False,True,False,False,False,False
0,12,1372,0,3,2,3,2,36,1,2,1,0,27.44,25-40,False,True,False,False,False,False,False,False,False,False,False,False,False,False,False,False,False,False,False,True,True,False,False,False
3,24,1559,0,3,4,4,2,50,1,2,1,1,62.36,40-60,True,False,False,False,False,False,False,False,False,False,False,False,True,False,True,False,False,False,False,False,True,False,True,False
0,6,428,0,4,2,1,1,49,1,2,1,1,8.56,40-60,False,True,False,False,False,False,True,False,False,False,False,False,False,True,False,False,False,False,False,False,True,False,True,False
3,21,2993,0,2,3,2,0,28,2,1,1,1,89.79,25-40,False,False,True,False,True,False,False,False,False,False,False,False,False,False,True,False,False,False,True,False,True,False,False,False
0,20,2212,4,3,4,4,2,39,1,2,1,1,88.48,25-40,False,True,False,False,False,False,True,False,False,False,False,False,False,False,True,False,False,False,False,True,True,False,True,False
0,12,1228,0,2,4,2,0,24,1,1,1,0,49.12,<25,False,True,False,False,False,False,False,False,False,False,False,False,False,True,False,False,False,False,False,True,True,False,False,False
3,24,2397,2,4,3,2,2,35,2,2,1,0,71.91,25-40,False,True,False,False,False,False,False,True,False,False,False,False,False,False,True,False,False,False,False,False,True,False,True,False
3,9,2507,2,4,2,4,3,51,1,1,1,1,50.14,40-60,False,True,False,False,False,False,False,False,False,False,False,False,False,False,True,False,False,False,False,True,False,True,False,False
3,30,2831,0,2,4,2,2,33,1,2,1,1,113.24,25-40,False,False,False,True,False,False,False,True,False,False,False,False,False,True,False,False,False,False,False,True,True,False,True,False
3,15,3594,0,1,1,2,1,46,2,1,1,1,35.94,40-60,False,False,True,False,True,False,False,False,False,False,False,False,False,True,False,False,False,False,False,True,True,False,False,False
3,12,763,0,2,4,1,0,26,1,2,1,1,30.52,25-40,False,True,False,False,False,False,True,False,False,False,False,False,False,True,False,False,False,False,False,True,True,False,True,False
0,48,7476,0,3,4,1,3,50,1,3,1,1,299.04,40-60,False,True,False,False,False,False,False,False,False,False,True,False,False,False,True,False,False,False,False,True,False,True,True,False
0,24,915,4,4,4,2,2,29,1,2,1,0,36.6,25-40,False,True,False,False,False,False,False,False,False,False,False,False,False,True,False,False,False,False,False,False,True,False,False,False
1,12,951,1,1,4,4,2,27,4,2,1,0,38.04,25-40,False,True,False,False,False,False,True,False,False,False,False,False,False,True,False,False,False,False,False,False,False,False,False,False
0,18,1936,4,3,2,4,2,23,2,1,1,1,38.72,<25,False,True,False,False,False,False,False,True,False,False,False,False,False,False,False,True,False,False,False,True,False,False,False,False
1,24,4241,0,2,1,4,0,36,3,1,1,0,42.41,25-40,False,False,False,False,False,False,False,False,False,False,False,False,True,False,True,False,False,False,False,True,True,False,True,False
3,21,12680,4,4,4,4,3,30,1,3,1,0,507.2,25-40,False,False,False,True,False,False,False,False,False,False,False,False,False,False,True,False,False,False,False,True,False,True,True,False
0,15,975,0,2,2,3,1,25,2,2,1,1,19.5,25-40,False,False,False,True,False,False,True,False,False,False,False,False,False,False,False,False,False,False,False,True,True,False,False,False
3,6,1338,2,2,1,4,0,62,1,2,1,1,13.38,60+,False,True,False,False,False,False,False,False,True,False,False,False,False,False,False,False,False,False,False,True,True,False,False,False
1,12,2930,0,3,2,1,0,27,1,2,1,1,58.6,25-40,False,True,False,False,False,False,False,True,False,False,False,False,False,True,False,False,False,False,False,True,True,False,False,False
1,30,2181,4,4,4,4,0,36,2,2,1,1,87.24,25-40,False,False,False,True,False,False,False,False,False,False,False,False,False,False,True,False,False,False,False,True,True,False,False,False
1,12,1037,1,3,3,4,0,39,1,1,1,1,31.11,25-40,False,True,False,False,False,False,False,False,False,False,False,False,True,False,True,False,False,False,False,True,True,False,False,False
1,30,2150,0,2,4,2,3,24,1,2,1,0,86.0,<25,False,True,False,False,False,False,False,False,False,False,False,False,False,True,False,False,False,True,False,False,True,False,False,False
3,18,1533,0,1,4,1,1,43,1,1,2,0,61.32,40-60,False,True,False,False,False,False,True,False,False,False,False,False,False,False,False,True,True,False,False,True,True,False,False,False
0,36,2145,0,3,2,1,2,24,2,2,1,0,42.9,<25,False,False,True,False,False,False,False,False,False,False,False,False,True,False,True,False,False,False,False,True,True,False,True,False
3,6,1221,4,2,1,2,1,27,2,2,1,1,12.21,25-40,False,False,False,True,False,False,True,False,False,False,False,False,False,False,False,True,False,False,False,True,True,False,False,False
1,15,2631,1,2,3,2,0,25,1,1,1,1,78.93,25-40,False,True,False,False,False,False,False,False,False,True,False,False,False,True,False,False,False,False,False,True,True,False,False,False
3,24,2197,4,3,4,4,2,43,2,2,2,1,87.88,40-60,False,False,False,True,True,False,False,False,False,False,False,False,False,False,True,False,False,False,False,True,True,False,True,False
3,24,2670,0,4,4,4,2,35,1,3,1,1,106.8,25-40,False,True,False,False,True,False,False,False,False,False,False,False,False,False,True,False,False,False,False,True,True,False,True,False
3,24,8648,0,1,2,2,2,27,2,2,1,0,172.96,25-40,False,False,True,False,False,False,False,False,False,False,False,False,True,False,True,False,False,False,False,False,True,False,True,False
2,12,609,0,1,4,1,0,26,1,0,1,0,24.36,25-40,True,False,False,False,False,False,False,False,False,False,False,False,True,True,False,False,False,False,False,True,True,False,False,False
0,36,5493,0,4,2,4,3,42,1,2,2,1,109.86,40-60,False,True,False,False,True,False,False,False,False,False,False,False,False,False,True,False,False,False,False,True,False,True,False,False
3,24,5511,1,2,4,1,2,25,1,2,1,1,220.44,25-40,False,True,False,False,False,False,True,False,False,False,False,False,False,False,True,False,False,False,True,False,True,False,False,False
0,24,2384,0,4,4,4,0,64,1,1,1,1,95.36,60+,False,True,False,False,False,False,False,True,False,False,False,False,False,False,True,False,False,False,False,False,False,False,False,False
1,12,639,0,2,4,2,2,30,1,2,1,0,25.56,25-40,False,True,False,False,False,False,False,False,False,True,False,False,False,False,True,False,False,False,False,True,True,False,False,False
0,42,3394,0,0,4,4,2,65,2,0,1,1,135.76,60+,False,False,False,True,False,False,False,False,False,True,False,False,False,False,True,False,True,False,False,True,True,False,False,False
0,36,2348,0,2,3,2,1,46,2,2,1,1,70.44,40-60,False,False,False,True,False,False,True,False,False,False,False,False,False,False,False,True,False,False,False,True,True,False,True,False
3,12,707,0,2,4,2,0,30,2,2,1,1,28.28,25-40,False,True,False,False,False,False,False,True,False,False,False,False,False,False,True,False,False,False,False,False,True,False,False,False
3,15,1300,4,4,4,4,3,45,1,2,2,1,52.0,40-60,False,True,False,False,True,False,False,False,False,False,False,False,False,False,True,False,False,False,False,False,False,True,False,False
3,18,2662,4,3,4,3,1,32,1,2,1,1,106.48,25-40,False,True,False,False,False,False,False,False,False,False,False,False,False,False,True,False,False,False,False,True,True,False,False,True
3,12,976,4,4,4,4,2,35,2,2,1,1,39.04,25-40,False,False,False,True,False,False,False,True,False,False,False,False,False,False,True,False,False,False,False,True,True,False,False,False
1,15,1308,0,4,4,4,2,38,2,1,1,1,52.32,25-40,False,True,False,False,False,False,False,False,False,True,False,False,False,False,True,False,False,False,False,True,True,False,False,False
2,12,1474,0,1,4,1,1,33,1,3,1,1,58.96,25-40,False,True,False,False,False,False,True,False,False,False,False,False,False,True,False,False,False,False,False,False,True,False,True,False
3,12,1262,0,2,3,2,2,25,1,2,1,1,37.86,25-40,False,True,False,False,False,False,False,True,False,False,False,False,False,False,True,False,False,False,False,True,True,False,False,False
3,48,2751,4,4,4,3,2,38,2,2,2,1,110.04,25-40,False,False,False,True,True,False,False,False,False,False,False,False,False,False,True,False,False,False,False,True,True,False,True,False
3,24,937,0,1,4,3,2,27,2,1,1,1,37.48,25-40,False,True,False,False,False,False,False,False,False,False,False,True,False,False,False,True,False,False,False,True,True,False,False,False
3,18,3780,0,1,3,2,2,35,2,3,1,1,113.4,25-40,False,False,False,True,False,False,True,False,False,False,False,False,False,False,False,False,False,False,False,True,True,False,True,False
3,24,2684,0,2,4,2,0,35,2,1,1,1,107.36,25-40,False,False,False,True,False,False,False,True,False,False,False,False,False,False,True,False,False,False,False,True,True,False,False,False
3,10,727,2,4,4,4,3,46,1,2,1,1,29.08,40-60,False,True,False,False,False,False,False,False,False,False,True,False,False,False,True,False,False,False,False,True,False,True,True,False
0,6,1361,0,1,2,4,0,40,1,1,2,1,27.22,40-60,False,False,False,True,False,False,False,False,False,False,False,False,False,False,True,False,False,False,False,True,True,False,False,True
3,9,1236,0,1,1,4,0,23,1,2,1,1,12.36,<25,False,True,False,False,False,False,False,False,True,False,False,False,False,True,False,False,False,False,False,True,False,False,True,False
2,12,1480,2,0,2,4,3,66,3,0,1,1,29.6,60+,False,False,False,True,False,False,False,False,False,False,False,False,False,False,True,False,False,False,False,False,False,True,False,False
3,24,4151,1,2,2,3,1,35,2,2,1,1,83.02,25-40,False,False,True,False,False,False,True,False,False,False,False,False,False,False,True,False,False,False,False,True,True,False,False,False
1,15,1264,1,2,2,2,1,25,1,2,1,0,25.28,25-40,True,False,False,False,False,False,False,False,False,False,False,False,False,False,False,True,False,False,False,True,False,False,False,False
3,36,7980,4,1,4,4,2,27,2,2,1,0,319.2,25-40,False,False,True,False,False,False,False,False,False,False,False,False,True,False,True,False,False,False,False,True,False,False,True,False
3,21,5248,4,2,1,3,2,26,1,2,1,1,52.48,25-40,False,True,False,False,True,False,False,False,False,False,False,False,False,False,True,False,False,False,False,True,True,False,False,False
3,18,629,2,4,4,3,1,32,2,3,1,1,25.16,25-40,False,False,False,True,False,False,False,True,False,False,False,False,False,False,True,False,False,False,False,False,True,False,True,False
1,12,2028,4,2,4,2,2,30,1,2,1,1,81.12,25-40,False,True,False,False,True,False,False,False,False,False,False,False,False,False,True,False,False,False,False,True,True,False,False,False
3,24,1249,0,1,4,2,0,28,1,2,1,1,49.96,25-40,False,True,False,False,False,False,False,False,False,False,False,False,False,False,False,True,False,False,False,True,True,False,False,False
3,24,1533,0,1,4,3,2,38,1,2,1,1,61.32,25-40,False,True,False,False,False,False,False,True,False,False,False,False,False,True,False,False,False,False,True,False,True,False,True,False
3,15,4623,1,2,3,2,1,40,1,3,1,0,138.69,40-60,False,True,False,False,False,False,False,False,False,False,True,False,False,False,True,False,False,False,False,True,True,False,True,False
2,10,3949,0,1,1,1,1,37,1,1,2,1,39.49,25-40,False,True,False,False,False,False,False,False,False,False,False,False,False,False,True,False,False,True,False,True,True,False,False,False
0,24,1382,1,3,4,1,0,26,2,2,1,1,55.28,25-40,False,False,False,True,False,False,False,False,False,False,False,False,True,False,True,False,False,False,False,True,True,False,True,False
3,24,1940,3,4,4,4,0,60,1,2,1,1,77.6,60+,False,False,False,True,False,False,False,False,False,False,False,False,False,False,True,False,False,False,False,True,True,False,True,False
0,12,1108,0,3,4,3,0,28,2,2,1,0,44.32,25-40,False,False,False,False,False,False,False,False,False,True,False,False,False,False,True,False,False,False,False,True,True,False,False,False
3,24,3972,0,3,2,4,1,25,1,2,1,1,79.44,25-40,False,True,False,False,False,False,True,False,False,False,False,False,False,True,False,False,False,False,False,True,False,False,True,False
1,18,6361,0,4,2,1,3,41,1,2,1,1,127.22,40-60,False,False,False,True,False,False,True,False,False,False,False,False,False,False,True,False,False,False,False,True,True,False,True,False
3,15,3186,3,3,2,3,2,20,1,2,1,1,63.72,<25,False,True,False,False,False,False,False,False,False,False,False,False,False,True,False,False,False,False,False,True,False,False,False,False
0,12,697,0,1,4,2,2,46,2,2,1,0,27.88,40-60,True,False,False,False,False,False,False,False,False,False,False,False,False,False,True,False,False,False,False,False,True,False,True,False
3,6,700,4,4,4,4,3,36,2,2,1,1,28.0,25-40,False,False,False,True,False,False,False,True,False,False,False,False,False,False,True,False,False,False,False,True,False,True,False,False
3,10,2210,0,2,2,2,0,25,1,1,1,0,44.2,25-40,False,True,False,False,False,False,True,False,False,False,False,False,False,False,True,False,False,False,False,False,False,False,False,False
0,21,1835,0,2,3,2,0,25,2,2,1,0,55.05,25-40,False,True,False,False,False,False,False,True,False,False,False,False,False,True,False,False,False,False,False,True,True,False,True,False
0,18,2462,0,2,2,2,2,22,1,2,1,0,49.24,<25,False,True,False,False,False,False,True,False,False,False,False,False,False,False,True,False,False,False,False,True,True,False,False,False
1,18,3213,2,1,1,3,0,25,1,2,1,1,32.13,25-40,False,True,False,False,False,False,False,True,False,False,False,False,False,False,False,True,False,False,False,True,False,False,False,False
0,42,3965,0,1,4,3,2,34,1,2,1,0,158.6,25-40,False,True,False,False,False,False,False,True,False,False,False,False,False,False,True,False,False,False,False,True,True,False,False,False
0,24,1381,4,2,4,2,1,35,1,2,1,0,55.24,25-40,False,True,False,False,False,False,False,False,False,False,False,False,False,True,False,False,False,False,False,True,True,False,False,False
0,18,7511,4,4,1,4,1,51,1,2,2,0,75.11,40-60,False,True,False,False,True,False,False,False,False,False,False,False,False,False,True,False,False,False,False,True,False,True,True,False
3,24,3181,0,1,4,4,1,26,1,2,1,1,127.24,25-40,False,True,False,False,False,False,False,True,False,False,False,False,False,True,False,False,False,False,False,True,True,False,True,False
0,15,1845,0,1,4,1,1,46,1,2,1,1,73.8,40-60,False,True,False,False,False,False,True,False,False,False,False,False,False,True,False,False,False,True,False,True,False,False,False,False
0,24,1755,0,4,4,4,0,58,1,1,1,1,70.2,40-60,False,True,False,False,False,True,False,False,False,False,False,False,False,True,False,False,False,True,False,True,True,False,True,False
3,12,3527,4,1,2,3,1,45,1,3,2,1,70.54,40-60,False,True,False,False,False,False,False,False,False,False,False,False,False,False,True,False,False,False,False,True,True,False,True,False
0,10,2132,4,1,2,3,0,27,2,2,1,1,42.64,25-40,False,False,False,True,False,False,True,False,False,False,False,False,False,True,False,False,True,False,False,True,False,False,False,True
0,15,1275,4,2,4,2,2,24,1,2,1,0,51.0,<25,False,True,False,False,False,False,False,False,True,False,False,False,False,True,False,False,False,False,False,True,False,False,False,False
3,15,3568,0,4,4,2,2,54,1,3,1,1,142.72,40-60,False,True,False,False,False,False,False,True,False,False,False,False,False,True,False,False,False,False,False,False,False,False,True,False
0,11,3905,0,2,2,2,0,36,2,2,2,1,78.1,25-40,False,False,False,True,False,False,False,False,False,False,False,False,False,False,True,False,False,False,False,True,False,False,False,False
0,20,4272,0,4,1,4,1,24,2,2,1,1,42.72,<25,False,False,False,True,False,False,True,False,False,False,False,False,False,True,False,False,False,False,False,True,True,False,False,False
0,9,1364,0,3,3,4,0,59,1,2,1,1,40.92,40-60,False,True,False,False,False,False,False,True,False,False,False,False,False,False,True,False,False,False,False,True,True,False,False,False
2,24,2892,0,4,3,4,3,51,1,2,1,1,86.76,40-60,False,True,False,False,False,False,True,False,False,False,False,False,False,False,False,False,False,False,False,True,False,True,False,False
0,24,1747,0,1,4,1,1,24,1,1,1,1,69.88,<25,False,True,False,False,False,False,True,False,False,False,False,False,False,False,True,False,True,False,False,True,True,False,False,True
3,12,1963,0,3,4,2,2,31,2,3,2,1,78.52,25-40,False,True,False,False,False,False,False,True,False,False,False,False,False,False,True,False,False,False,False,True,False,False,True,False
1,48,18424,0,2,1,2,1,32,1,3,1,0,184.24,25-40,False,False,False,False,False,True,False,False,False,False,False,False,False,True,False,False,False,False,False,False,True,False,True,True
1,60,6288,0,2,4,4,3,42,1,2,1,0,251.52,40-60,False,True,False,False,False,False,False,False,False,False,True,False,False,False,True,False,False,False,False,True,False,True,False,False
1,30,8386,0,3,2,2,1,49,1,2,1,0,167.72,40-60,False,False,False,True,False,False,True,False,False,False,False,False,False,False,True,False,False,False,False,True,True,False,False,False
3,36,8947,4,3,3,2,2,31,1,3,2,1,268.41,25-40,False,False,True,False,True,False,False,False,False,False,False,False,False,False,True,False,False,False,True,False,True,False,True,False
1,12,841,1,3,2,4,0,23,1,1,1,1,16.82,<25,False,True,False,False,False,False,False,False,False,False,False,False,True,True,False,False,False,False,False,True,False,False,False,False
3,12,1495,0,4,4,1,0,38,2,1,2,1,59.8,25-40,False,False,False,True,False,False,False,False,False,False,False,False,False,False,True,False,False,False,False,True,True,False,False,False
3,60,13756,4,4,2,4,3,63,1,3,1,1,275.12,60+,False,False,False,True,False,False,False,False,False,False,False,False,False,False,True,False,False,False,False,False,False,True,True,False
3,18,1169,4,2,4,3,1,29,2,2,1,1,46.76,25-40,False,False,False,True,False,False,False,True,False,False,False,False,False,False,True,False,False,False,False,True,True,False,True,False
3,24,3105,4,1,4,2,2,25,2,2,1,1,124.2,25-40,False,True,False,False,False,False,False,True,False,False,False,False,False,False,True,False,False,False,False,True,True,False,False,False
1,9,790,2,2,4,3,0,66,1,1,1,1,31.6,60+,False,True,False,False,False,False,False,True,False,False,False,False,False,True,False,False,False,False,False,True,True,False,False,False
1,9,2030,4,3,2,1,2,24,1,2,1,1,40.6,<25,False,True,False,False,False,False,True,False,False,False,False,False,False,False,True,False,False,False,False,True,True,False,True,False
1,6,484,0,3,3,3,0,28,1,1,1,1,14.52,25-40,False,True,False,False,False,False,False,True,False,False,False,False,False,False,False,True,False,True,False,False,True,False,False,False
3,6,362,1,2,4,4,2,52,2,1,1,1,14.48,40-60,False,False,False,True,False,False,False,False,False,False,False,False,False,True,False,False,False,False,False,True,True,False,False,False
2,15,2360,2,2,2,2,2,36,1,2,1,1,47.2,25-40,False,False,False,True,True,False,False,False,False,False,False,False,False,False,True,False,False,False,False,True,True,False,True,False
0,18,2659,3,2,4,2,2,28,1,2,1,1,106.36,25-40,False,True,False,False,False,False,True,False,False,False,False,False,False,False,True,False,False,False,False,True,True,False,False,False
3,12,5801,4,4,2,4,1,49,1,2,1,1,116.02,40-60,False,False,False,True,False,False,True,False,False,False,False,False,False,False,True,False,False,False,False,True,False,False,True,False
2,42,6289,0,1,2,1,1,33,2,2,1,1,125.78,25-40,False,False,False,False,False,False,False,False,False,False,False,False,True,False,False,False,False,False,False,True,True,False,False,False
3,9,3577,1,2,1,2,0,26,1,2,2,1,35.77,25-40,False,True,False,False,False,False,False,False,False,False,False,False,False,False,True,False,False,True,False,True,False,False,False,True
3,6,250,3,2,2,2,0,41,2,1,1,1,5.0,40-60,False,False,False,True,False,False,False,False,False,False,False,False,False,True,False,False,False,False,False,False,True,False,False,False
1,9,959,0,2,1,2,2,29,1,2,1,0,9.59,25-40,False,True,False,False,False,False,True,False,False,False,False,False,False,True,False,False,False,False,False,True,True,False,False,True
1,30,1715,4,2,4,1,2,26,1,2,1,1,68.6,25-40,False,True,False,False,False,False,False,True,False,False,False,False,False,True,False,False,False,False,False,True,True,False,False,False
0,6,1169,4,4,4,4,0,67,2,2,1,1,46.76,60+,False,False,False,True,False,False,False,True,False,False,False,False,False,False,True,False,False,False,False,True,True,False,True,False
3,12,1555,3,4,4,4,3,55,2,2,2,0,62.2,40-60,False,False,True,False,False,False,False,False,False,True,False,False,False,False,True,False,False,False,False,True,False,True,False,False
3,15,1520,4,4,4,4,1,63,1,2,1,1,60.8,60+,False,False,False,True,False,False,True,False,False,False,False,False,False,False,True,False,False,False,False,True,True,False,False,False
2,10,1275,0,1,4,2,1,23,1,2,1,1,51.0,<25,False,True,False,False,False,False,True,False,False,False,False,False,False,True,False,False,False,False,False,True,True,False,False,False
0,24,3021,0,2,2,2,0,24,1,1,1,1,60.42,<25,False,True,False,False,False,False,True,False,False,False,False,False,False,False,False,False,False,False,False,True,False,False,False,False
3,12,1574,0,2,4,2,0,50,1,2,1,1,62.96,40-60,False,True,False,False,False,False,True,False,False,False,False,False,False,False,True,False,False,False,False,True,True,False,False,False
3,9,1313,0,4,1,4,2,20,1,2,1,1,13.13,<25,False,True,False,False,False,False,True,False,False,False,False,False,False,False,True,False,False,False,False,True,True,False,False,False
0,21,2606,0,1,4,4,1,28,1,3,1,1,104.24,25-40,False,True,False,False,False,False,False,True,False,False,False,False,False,True,False,False,False,False,False,True,False,False,True,False
3,24,4139,1,2,3,3,1,27,2,1,1,1,124.17,25-40,False,False,False,True,False,False,False,False,False,False,False,False,True,False,True,False,False,False,False,True,True,False,True,False
1,12,2002,0,3,3,4,1,30,1,2,2,1,60.06,25-40,False,True,False,False,False,False,False,False,False,False,False,False,False,False,True,False,False,False,False,True,False,False,True,False
1,42,9283,0,0,1,2,3,55,1,3,1,1,92.83,40-60,True,False,False,False,True,False,False,False,False,False,False,False,False,False,True,False,False,False,False,False,False,True,True,False
1,48,15672,0,2,2,2,2,23,1,2,1,0,313.44,<25,False,True,False,False,False,False,False,False,False,False,False,False,True,False,True,False,False,False,False,True,True,False,True,False
3,24,1927,4,2,3,2,2,33,2,2,1,1,57.81,25-40,False,False,False,True,False,False,False,False,False,False,True,False,False,True,False,False,False,False,False,True,True,False,True,False
0,18,1442,0,3,4,4,3,32,2,1,2,0,57.68,25-40,True,False,False,False,False,False,False,False,False,False,False,False,False,False,True,False,False,False,False,True,False,True,False,False
3,4,1455,0,3,2,1,0,42,3,1,2,1,29.1,40-60,False,False,False,True,False,False,False,False,False,False,False,False,False,False,True,False,False,False,False,True,True,False,False,False
3,36,7127,0,1,2,4,1,23,2,2,1,0,142.54,<25,False,False,False,True,False,False,True,False,False,False,False,False,False,True,False,False,False,False,False,True,False,False,True,False
3,9,1224,0,2,3,1,0,30,2,2,1,1,36.72,25-40,False,False,False,True,False,False,False,False,False,False,False,False,False,False,True,False,False,False,False,True,True,False,False,False
0,15,950,0,4,4,3,2,33,2,2,2,0,38.0,25-40,False,False,False,False,False,False,False,False,False,False,False,False,False,False,True,False,False,False,False,True,False,False,False,False
1,11,1577,3,1,4,1,0,20,1,2,1,1,63.08,<25,False,True,False,False,False,False,True,False,False,False,False,False,False,True,False,False,False,False,False,True,True,False,False,False
3,15,3556,4,2,3,2,3,29,1,2,1,1,106.68,25-40,False,True,False,False,False,False,False,False,False,False,False,False,False,False,True,False,False,False,False,True,True,False,False,False
3,54,9436,4,2,2,2,1,39,1,1,2,1,188.72,25-40,False,False,False,False,True,False,False,False,False,False,False,False,False,False,True,False,False,False,False,True,True,False,False,False
0,24,1358,4,4,4,3,2,40,1,3,1,0,54.32,40-60,True,False,False,False,False,True,False,False,False,False,False,False,False,False,True,False,False,False,True,False,True,False,True,False
3,22,2675,2,4,3,4,2,40,1,2,1,1,80.25,40-60,False,True,False,False,False,False,False,True,False,False,False,False,False,False,True,False,False,False,False,True,True,False,False,False
3,24,2032,0,4,4,4,3,60,2,2,1,1,81.28,60+,False,False,True,False,False,False,False,False,False,False,False,False,False,False,True,False,False,False,False,True,False,True,True,False
3,12,797,4,4,4,3,1,33,1,1,2,0,31.88,25-40,False,False,False,True,False,False,False,True,False,False,False,False,False,True,False,False,False,False,False,False,True,False,False,False
3,15,1532,1,2,4,3,2,31,1,2,1,1,61.28,25-40,False,False,False,True,False,False,False,False,False,False,True,False,False,True,False,False,False,False,False,True,True,False,False,False
3,15,3812,1,1,1,4,2,23,1,2,1,1,38.12,<25,False,True,False,False,True,False,False,False,False,False,False,False,False,True,False,False,False,False,False,True,True,False,True,False
0,15,1053,0,1,4,2,0,27,1,2,1,1,42.12,25-40,False,True,False,False,False,False,False,True,False,False,False,False,False,False,False,True,False,False,False,True,True,False,False,True
3,12,776,0,2,4,2,0,28,1,2,1,1,31.04,25-40,False,True,False,False,False,False,False,True,False,False,False,False,False,False,False,True,False,False,False,True,True,False,False,False
3,12,2445,4,1,2,4,2,26,1,2,1,1,48.9,25-40,False,True,False,False,True,False,False,False,False,False,False,False,False,False,False,True,False,False,False,True,False,False,True,False
3,18,2404,0,2,2,2,2,26,2,2,1,1,48.08,25-40,False,False,False,True,False,False,False,True,False,False,False,False,False,True,False,False,False,False,False,True,True,False,False,False
0,48,4605,0,4,3,4,3,24,2,2,2,0,138.15,<25,False,False,False,False,True,False,False,False,False,False,False,False,False,False,True,False,False,False,False,True,False,True,False,False
3,24,2424,4,4,4,4,1,53,2,2,1,1,96.96,40-60,False,False,False,True,False,False,False,True,False,False,False,False,False,False,True,False,False,False,False,True,True,False,False,False
1,15,1778,0,1,2,1,0,26,2,0,1,0,35.56,25-40,False,False,False,False,False,False,False,False,False,False,False,False,False,True,False,False,False,False,False,True,False,False,False,False
0,18,3650,0,1,1,4,2,22,1,2,1,1,36.5,<25,False,True,False,False,False,False,True,False,False,False,False,False,False,True,False,False,False,False,False,True,False,False,False,False
3,18,4165,0,2,2,2,2,36,2,2,2,0,83.3,25-40,False,False,False,False,False,False,False,False,False,False,False,False,True,False,True,False,False,False,True,False,True,False,False,False
3,12,2133,4,4,4,4,3,52,1,3,1,1,85.32,40-60,False,True,False,False,False,False,False,False,False,False,False,False,False,True,False,False,False,False,False,True,False,True,True,False
0,12,2577,0,2,2,1,2,42,1,2,1,1,51.54,40-60,False,True,False,False,False,False,True,False,False,False,False,False,False,False,False,False,False,False,False,True,True,False,False,False
1,60,14027,0,3,4,2,3,27,1,3,1,0,561.08,25-40,False,True,False,False,False,False,False,False,False,False,False,False,False,False,True,False,False,False,False,True,True,False,True,False
0,45,11816,0,4,2,4,2,29,2,2,1,0,236.32,25-40,False,False,False,False,False,False,False,False,False,False,False,False,True,False,True,False,False,False,False,True,False,False,False,False
3,24,2872,1,4,3,4,0,36,1,2,2,1,86.16,25-40,False,False,False,True,False,False,False,True,False,False,False,False,False,False,True,False,False,False,False,True,True,False,True,False
3,18,1530,0,2,3,2,1,32,2,2,1,0,45.9,25-40,False,False,False,True,False,False,False,False,False,False,False,False,False,False,True,False,False,False,False,False,True,False,False,False
0,6,14896,0,4,1,4,3,68,1,3,1,0,148.96,60+,False,True,False,False,False,False,False,False,False,False,False,False,False,False,True,False,False,False,False,False,True,False,True,False
0,30,3622,3,4,4,4,1,57,2,2,1,1,144.88,40-60,False,True,False,False,False,False,True,False,False,False,False,False,False,True,False,False,False,False,False,True,False,False,True,False
0,24,1207,0,1,4,4,1,24,1,2,1,0,48.28,<25,False,True,False,False,False,False,False,False,False,False,False,False,False,True,False,False,False,False,False,True,False,False,False,False
3,6,1750,2,4,2,4,1,45,1,1,2,1,35.0,40-60,True,False,False,False,False,False,False,True,False,False,False,False,False,False,True,False,False,False,False,False,True,False,False,False
3,24,1287,3,4,4,4,0,37,2,2,1,1,51.48,25-40,False,False,False,True,False,False,False,False,False,False,False,False,False,True,False,False,False,False,False,True,True,False,True,False
0,24,6615,0,0,2,4,3,75,2,3,1,1,132.3,60+,False,False,False,True,True,False,False,False,False,False,False,False,False,False,True,False,False,False,False,True,False,True,True,False
2,15,1271,4,2,3,4,3,39,2,2,1,0,38.13,25-40,False,False,False,True,False,False,False,True,False,False,False,False,False,False,True,False,False,False,False,True,False,True,True,False
3,12,930,4,4,4,4,0,65,4,2,1,1,37.2,60+,False,False,False,True,False,False,False,True,False,False,False,False,False,False,True,False,False,False,False,True,True,False,False,False
3,24,1851,0,3,4,2,2,33,2,2,1,1,74.04,25-40,False,False,False,True,False,False,False,True,False,False,False,False,False,False,False,True,False,True,False,True,True,False,True,False
1,24,2896,1,1,2,1,2,29,1,2,1,1,57.92,25-40,False,True,False,False,False,False,False,True,False,False,False,False,False,False,True,False,False,False,False,True,True,False,False,False
1,36,9398,0,1,1,4,2,28,1,3,1,0,93.98,25-40,False,True,False,False,True,False,False,False,False,False,False,False,False,False,False,True,False,False,False,True,False,False,True,False
1,6,2063,0,1,4,3,2,30,1,3,1,1,82.52,25-40,False,True,False,False,False,False,False,True,False,False,False,False,False,False,False,True,False,False,False,True,False,False,True,False
0,36,5179,0,3,4,2,1,29,1,2,1,0,207.16,25-40,False,True,False,False,False,False,True,False,False,False,False,False,False,False,True,False,False,False,False,True,True,False,False,False
2,9,1126,1,4,2,4,0,49,1,2,1,1,22.52,40-60,False,True,False,False,False,False,False,True,False,False,False,False,False,False,False,False,False,False,False,True,True,False,False,False
2,6,1323,1,4,2,4,2,28,2,2,2,1,26.46,25-40,False,False,False,True,False,False,False,False,False,False,False,False,False,False,False,False,False,False,False,True,True,False,True,False
0,60,6836,0,4,3,4,3,63,2,2,1,0,205.08,60+,False,False,True,False,False,False,False,False,False,False,False,False,True,False,True,False,False,False,False,True,True,False,True,False
0,39,14179,4,3,4,4,1,30,2,3,1,1,567.16,25-40,False,False,False,True,False,False,True,False,False,False,False,False,False,False,True,False,False,False,False,True,True,False,True,False
3,24,3621,1,4,2,4,2,31,2,2,1,0,72.42,25-40,False,True,False,False,False,False,False,True,False,False,False,False,False,False,True,False,False,False,False,True,True,False,False,False
2,12,3016,0,2,3,1,2,24,1,2,1,1,90.48,<25,False,True,False,False,False,False,False,True,False,False,False,False,False,False,False,True,False,False,False,True,True,False,False,False
1,15,1514,1,2,4,2,0,22,1,2,1,1,60.56,<25,False,True,False,False,False,False,False,False,False,True,False,False,False,False,True,False,False,True,False,True,True,False,False,False
0,18,1190,0,0,2,4,3,55,3,0,2,0,23.8,40-60,False,False,False,True,False,False,False,False,False,True,False,False,False,True,False,False,False,False,False,True,False,True,False,False
1,18,3001,0,3,2,4,0,40,1,2,1,1,60.02,40-60,False,True,False,False,False,False,True,False,False,False,False,False,False,True,False,False,False,False,False,True,False,False,False,False
0,12,385,0,3,4,3,0,58,4,1,1,1,15.4,40-60,False,False,False,True,False,False,False,True,False,False,False,False,False,True,False,False,False,False,False,True,True,False,True,False
1,24,1246,0,1,4,2,0,23,1,1,1,0,49.84,<25,False,True,False,False,False,False,False,False,False,False,False,False,False,False,True,False,False,False,True,False,True,False,False,False
0,24,2964,4,4,4,4,3,49,1,2,2,1,118.56,40-60,False,True,False,False,True,False,False,False,False,False,False,False,False,False,True,False,False,False,False,False,False,True,True,False
3,24,3235,2,4,3,2,2,26,1,3,1,1,97.05,25-40,False,True,False,False,False,False,False,True,False,False,False,False,False,False,False,False,False,False,False,True,True,False,True,False
1,12,585,0,2,4,4,0,20,2,2,1,1,23.4,<25,False,False,True,False,False,False,False,True,False,False,False,False,False,False,False,True,True,False,False,True,False,False,False,False
2,18,3049,0,1,1,1,1,45,1,1,1,1,30.49,40-60,False,True,False,False,False,False,True,False,False,False,False,False,False,True,False,False,False,False,True,False,True,False,False,False
3,10,1418,1,2,3,2,0,35,1,1,1,1,42.54,25-40,False,True,False,False,False,False,False,False,False,False,False,False,False,False,True,False,False,False,False,True,False,False,False,True
1,30,4221,0,2,2,1,2,28,2,2,1,1,84.42,25-40,False,False,False,False,False,False,False,False,False,False,False,False,True,True,False,False,False,False,False,True,True,False,False,False
0,12,1498,0,2,4,1,2,23,1,2,1,1,59.92,<25,False,True,False,False,False,False,False,True,False,False,False,False,False,True,False,False,False,False,False,False,True,False,False,False
1,24,2064,0,0,3,2,1,34,1,3,1,0,61.92,25-40,False,False,True,False,False,False,True,False,False,False,False,False,False,True,False,False,False,False,False,True,True,False,True,False
0,24,2924,0,2,3,4,3,63,1,2,2,1,87.72,60+,False,True,False,False,True,False,False,False,False,False,False,False,False,False,True,False,False,True,False,False,True,False,True,False
0,24,4110,0,4,3,4,3,23,2,2,2,0,123.3,<25,False,False,False,False,False,False,True,False,False,False,False,False,False,False,True,False,False,False,False,False,False,False,False,False
0,6,3676,0,2,1,3,0,37,3,2,2,1,36.76,25-40,False,False,False,True,False,False,False,False,False,False,False,False,False,False,True,False,False,False,False,True,False,False,False,False
1,48,12169,4,0,4,4,3,36,1,3,1,1,486.76,25-40,True,False,False,False,False,False,False,False,False,False,False,False,False,False,True,False,True,False,False,True,False,True,True,False
1,18,1113,0,2,4,4,0,26,1,1,2,1,44.52,25-40,False,True,False,False,False,False,False,True,False,False,False,False,False,True,False,False,False,True,False,True,True,False,False,False
1,6,1209,0,0,4,4,1,47,1,3,1,0,48.36,40-60,False,False,True,False,False,False,False,False,False,False,False,False,False,False,True,False,False,False,False,True,True,False,True,False
3,6,426,0,4,4,4,2,39,1,1,1,1,17.04,25-40,False,False,False,False,False,False,False,True,False,False,False,False,False,False,False,True,False,False,False,True,True,False,False,False
0,12,3499,0,2,3,2,0,29,2,2,1,0,104.97,25-40,False,False,False,True,False,False,False,False,False,False,False,False,False,True,False,False,True,False,False,True,True,False,False,False
1,24,1837,0,3,4,4,3,34,1,1,1,0,73.48,25-40,True,False,False,False,False,False,False,False,False,False,True,False,False,True,False,False,False,False,False,False,False,True,False,False
2,42,4796,0,4,4,4,3,56,1,2,1,1,191.84,40-60,False,False,False,True,True,False,False,False,False,False,False,False,False,False,True,False,False,False,False,True,False,True,False,False
1,18,1295,0,1,4,1,1,27,2,2,1,1,51.8,25-40,False,False,False,True,False,False,True,False,False,False,False,False,False,True,False,False,False,False,False,True,True,False,False,False
3,10,1309,4,2,4,4,1,27,1,1,1,0,52.36,25-40,False,True,False,False,False,False,False,False,False,False,False,False,False,False,True,False,False,True,False,True,True,False,False,False
3,24,9277,4,2,2,4,3,48,1,2,1,1,185.54,40-60,False,True,False,False,True,False,False,False,False,False,False,False,False,False,False,False,False,False,False,True,False,True,True,False
1,12,766,2,2,4,3,0,66,1,1,1,0,30.64,60+,False,True,False,False,False,False,False,True,False,False,False,False,False,False,True,False,False,False,False,True,True,False,False,False
0,12,4843,0,4,3,4,1,43,2,2,1,0,145.29,40-60,False,False,False,True,False,False,False,False,False,False,False,False,False,False,True,False,True,False,False,True,False,False,True,False
3,9,2753,1,4,3,4,2,35,1,2,1,1,82.59,25-40,False,True,False,False,False,False,False,True,False,False,False,False,False,False,True,False,True,False,False,True,True,False,True,False
0,12,2122,0,2,3,2,0,39,2,1,2,1,63.66,25-40,False,False,False,True,False,False,False,False,False,False,False,False,False,False,True,False,False,False,False,True,False,False,False,True
3,10,1924,0,2,1,4,1,38,1,2,1,1,19.24,25-40,False,True,False,False,False,False,False,True,False,False,False,False,False,False,True,False,False,False,False,True,True,False,True,True
0,15,1403,0,2,2,4,2,28,1,2,1,1,28.06,25-40,False,True,False,False,False,False,False,False,False,False,False,False,False,True,False,False,False,False,False,True,False,False,False,False
0,36,8065,0,2,3,2,3,25,2,3,1,0,241.95,25-40,False,False,False,True,False,False,False,False,False,False,True,False,False,True,False,False,False,False,False,True,True,False,True,False
3,14,802,0,2,4,2,2,27,2,1,1,1,32.08,25-40,False,False,True,False,False,False,False,False,False,False,False,False,False,False,True,False,False,False,False,True,True,False,False,False
0,30,6187,1,3,1,4,2,24,2,2,1,1,61.87,<25,False,False,False,True,True,False,False,False,False,False,False,False,False,False,False,True,False,False,False,True,False,False,False,False
3,9,3832,4,4,1,4,0,64,1,1,1,1,38.32,60+,False,True,False,False,False,False,False,False,False,False,True,False,False,False,True,False,False,False,False,True,True,False,False,False
3,36,9566,0,2,2,2,2,31,2,2,1,1,191.32,25-40,False,False,False,True,False,False,False,True,False,False,False,False,False,True,False,False,False,False,True,False,True,False,False,False
1,12,2366,2,3,3,3,2,36,1,3,1,1,70.98,25-40,False,False,False,True,False,False,False,False,False,False,False,False,False,False,False,False,False,False,False,True,True,False,True,False
3,18,2775,0,3,2,2,1,31,2,2,1,0,55.5,25-40,False,False,False,True,False,False,False,False,False,False,False,False,False,False,True,False,False,False,False,False,True,False,False,False
1,36,9857,1,3,1,3,1,31,2,1,2,1,98.57,25-40,False,False,True,False,False,False,False,False,False,False,False,False,True,False,True,False,False,False,False,True,True,False,True,False
0,12,727,1,1,4,3,3,33,1,1,1,0,29.08,25-40,False,True,False,False,False,False,False,True,False,False,False,False,False,False,False,True,False,False,False,True,True,False,True,False
3,6,1382,0,2,1,1,2,28,2,2,1,1,13.82,25-40,False,False,False,True,False,False,False,True,False,False,False,False,False,True,False,False,False,False,False,True,True,False,True,False
3,48,3578,4,4,4,1,0,47,1,2,1,1,143.12,40-60,False,False,False,True,False,False,False,True,False,False,False,False,False,False,True,False,False,False,False,True,True,False,True,False
3,24,2028,0,3,2,2,1,30,2,1,1,1,40.56,25-40,False,False,False,True,False,False,True,False,False,False,False,False,False,False,True,False,False,False,False,True,True,False,False,False
1,18,2278,1,1,3,3,2,28,2,2,1,0,68.34,25-40,False,False,False,False,False,False,False,False,False,False,False,False,False,True,False,False,False,False,False,True,True,False,False,False
2,6,683,0,1,2,1,1,29,1,2,1,1,13.66,25-40,False,False,True,False,False,False,False,True,False,False,False,False,False,True,False,False,False,False,False,False,True,False,False,False
1,10,1521,0,2,4,2,2,31,1,1,1,1,60.84,25-40,False,True,False,False,False,False,True,False,False,False,False,False,False,False,False,False,False,False,False,True,True,False,False,False
0,6,1872,0,0,4,4,3,36,3,3,1,1,74.88,25-40,False,False,False,True,False,False,True,False,False,False,False,False,False,False,True,False,False,False,False,True,False,True,True,False
3,24,3430,2,4,3,2,2,31,1,2,2,1,102.9,25-40,False,True,False,False,False,False,False,True,False,False,False,False,False,False,True,False,False,False,False,True,True,False,True,False
0,12,2579,0,1,4,1,0,33,1,1,2,0,103.16,25-40,False,True,False,False,False,False,False,False,False,False,False,False,False,False,True,False,False,False,False,True,True,False,False,False
1,15,1512,3,2,3,3,1,61,2,2,1,0,45.36,60+,False,False,True,False,False,False,False,False,False,True,False,False,False,False,False,True,False,False,True,False,True,False,False,False
1,20,6468,4,0,1,4,0,60,1,3,1,1,64.68,60+,False,True,False,False,True,False,False,False,False,False,False,False,False,False,False,False,False,False,False,True,True,False,True,False
2,30,3656,4,4,4,4,1,49,2,1,1,1,146.24,40-60,False,False,False,True,False,False,False,True,False,False,False,False,False,False,True,False,False,False,True,False,True,False,False,False
1,21,2767,1,4,4,2,2,61,2,1,1,0,110.68,60+,False,True,False,False,False,False,False,False,False,False,False,False,True,False,False,False,False,False,False,False,False,False,False,False
1,24,11938,0,2,2,3,2,39,2,3,2,0,238.76,25-40,False,False,False,True,False,True,False,False,False,False,False,False,False,False,True,False,True,False,False,True,True,False,True,False
1,10,1048,0,2,4,4,0,23,1,1,1,1,41.92,<25,True,False,False,False,False,False,False,True,False,False,False,False,False,False,True,False,False,False,True,False,True,False,False,False
3,12,1655,0,4,2,4,0,63,2,1,1,1,33.1,60+,False,False,False,True,False,False,False,True,False,False,False,False,False,False,True,False,False,False,False,True,True,False,True,False
3,24,4679,0,3,3,3,2,35,2,1,1,1,140.37,25-40,False,False,True,False,True,False,False,False,False,False,False,False,False,False,True,False,False,False,False,True,True,False,True,False
3,15,1386,4,2,4,2,0,40,1,2,1,1,55.44,40-60,False,True,False,False,False,False,False,True,False,False,False,False,False,False,False,True,False,False,False,True,False,False,True,False
1,18,1795,0,4,3,4,0,48,2,1,1,1,53.85,40-60,False,False,False,True,False,False,False,True,False,False,False,False,False,True,False,False,False,True,False,False,False,False,True,False
0,18,750,0,0,4,1,0,27,1,0,1,0,30.0,25-40,False,True,False,False,False,False,False,False,False,False,True,False,False,True,False,False,False,False,False,True,True,False,False,False
3,18,1950,0,3,4,1,2,34,2,2,1,1,78.0,25-40,False,True,False,False,False,False,False,False,False,False,False,False,True,False,True,False,False,False,True,False,True,False,True,False
3,4,1544,0,3,2,1,0,42,3,1,2,1,30.88,40-60,False,False,False,True,False,False,False,True,False,False,False,False,False,False,True,False,False,False,False,True,True,False,False,False
0,6,448,0,1,4,4,1,23,1,2,1,0,17.92,<25,False,True,False,False,False,False,False,False,False,False,True,False,False,True,False,False,False,False,False,True,True,False,False,False
3,48,3914,4,2,4,2,0,38,1,2,1,0,156.56,25-40,False,True,False,False,False,False,False,False,False,False,False,False,True,False,False,False,False,False,False,False,True,False,False,False
0,12,691,0,4,4,3,1,35,2,2,1,0,27.64,25-40,False,False,False,True,False,False,False,False,False,False,False,False,False,False,True,False,False,False,False,True,True,False,False,False
1,36,2225,0,4,4,4,3,57,2,2,1,0,89.0,40-60,False,False,True,False,False,False,False,False,False,False,False,False,False,False,True,False,False,False,False,False,False,True,True,False
0,18,4380,1,2,3,4,2,35,1,1,2,1,131.4,25-40,False,True,False,False,False,False,False,False,False,False,False,False,False,False,True,False,False,False,False,True,True,False,True,False
3,24,1278,0,4,4,1,0,36,1,3,1,1,51.12,25-40,False,True,False,False,False,False,False,True,False,False,False,False,False,False,True,False,False,False,False,True,True,False,True,False
0,30,6350,4,4,4,4,1,31,1,2,1,0,254.0,25-40,False,True,False,False,False,False,True,False,False,False,False,False,False,False,True,False,False,False,False,True,True,False,False,False
1,18,1301,0,4,4,2,0,32,1,1,1,1,52.04,25-40,False,True,False,False,False,False,False,True,False,False,False,False,False,False,False,True,False,True,False,True,True,False,False,False
0,6,4716,4,1,1,3,0,44,2,1,2,1,47.16,40-60,False,False,False,True,False,False,False,False,False,False,False,False,False,False,True,False,False,False,False,True,True,False,False,False
3,24,2375,2,2,4,2,2,44,2,2,2,1,95.0,40-60,False,False,True,False,False,False,False,False,False,False,False,False,True,False,True,False,False,False,False,True,True,False,True,False
3,18,1808,0,3,4,1,0,22,1,2,1,0,72.32,<25,False,False,True,False,False,False,True,False,False,False,False,False,False,True,False,False,False,False,False,True,True,False,False,False
1,12,1092,0,2,4,4,0,49,2,2,1,1,43.68,40-60,False,True,False,False,False,False,False,True,False,False,False,False,False,True,False,False,False,True,False,True,True,False,True,False
1,27,2520,2,2,4,2,1,23,2,1,1,0,100.8,<25,False,False,False,True,False,False,False,True,False,False,False,False,False,False,True,False,False,False,False,True,True,False,False,False
1,18,1239,4,2,4,4,3,61,1,2,1,1,49.56,60+,False,True,False,False,False,False,False,False,False,False,True,False,False,False,True,False,False,False,False,True,False,True,False,False
3,24,1585,0,3,4,3,1,40,2,2,1,1,63.4,40-60,False,False,False,True,False,False,True,False,False,False,False,False,False,False,True,False,False,False,False,True,True,False,False,False
2,36,4210,0,2,4,2,2,26,1,2,1,0,168.4,25-40,False,True,False,False,False,False,False,True,False,False,False,False,False,False,True,False,False,False,False,True,True,False,False,False
1,48,6416,0,4,4,3,3,59,1,2,1,0,256.64,40-60,True,False,False,False,False,False,False,False,False,False,False,False,True,True,False,False,False,False,False,True,False,False,False,False
3,24,2058,0,2,4,2,0,33,2,2,1,1,82.32,25-40,False,False,False,True,False,False,False,False,False,True,False,False,False,False,False,False,False,False,False,True,True,False,True,False
1,12,1995,1,1,4,1,2,27,1,2,1,1,79.8,25-40,False,False,False,True,False,False,False,False,False,False,False,False,False,False,True,False,False,False,False,True,True,False,False,False
3,48,10127,2,2,2,2,3,44,1,2,1,0,202.54,40-60,False,False,False,True,False,False,False,False,False,False,False,False,False,False,True,False,False,False,False,False,False,True,False,False
1,48,6560,1,3,3,2,1,24,1,2,1,0,196.8,<25,False,True,False,False,False,False,False,False,False,False,False,False,False,False,True,False,False,False,False,True,True,False,False,False
0,24,2828,2,2,4,4,0,22,1,2,1,1,113.12,<25,True,False,False,False,False,False,True,False,False,False,False,False,False,False,True,False,False,False,True,False,True,False,True,False
3,60,10366,0,4,2,4,1,42,1,3,1,1,207.32,40-60,False,True,False,False,False,False,False,False,False,False,False,False,False,False,True,False,False,False,False,True,True,False,True,False
1,48,3566,1,3,4,2,2,30,1,2,1,1,142.64,25-40,True,False,False,False,False,False,False,False,False,False,False,False,True,False,True,False,False,False,False,True,True,False,False,False
1,48,7582,1,0,2,4,3,31,1,3,1,1,151.64,25-40,False,False,True,False,False,True,False,False,False,False,False,False,False,False,True,False,False,False,False,True,False,True,True,False
2,12,2251,0,2,1,2,2,46,1,1,1,1,22.51,40-60,False,True,False,False,False,False,True,False,False,False,False,False,False,True,False,False,False,False,False,True,True,False,False,False
3,48,8858,4,3,2,1,3,35,2,2,1,1,177.16,25-40,False,False,False,True,True,False,False,False,False,False,False,False,False,False,True,False,False,False,False,True,False,True,True,False
3,36,1819,0,2,4,4,3,37,1,2,1,0,72.76,25-40,False,True,False,False,False,False,False,False,False,False,True,False,False,False,True,False,False,False,True,False,False,True,True,False
0,12,1680,2,4,3,1,0,35,1,2,1,1,50.4,25-40,False,True,False,False,False,False,False,True,False,False,False,False,False,False,False,True,False,False,False,True,True,False,False,False
3,9,3074,4,2,1,2,0,33,2,2,2,1,30.74,25-40,False,False,False,True,False,False,False,True,False,False,False,False,False,False,True,False,False,False,False,True,True,False,False,False
3,6,1554,0,3,1,2,2,24,2,2,1,1,15.54,<25,False,False,False,True,False,False,False,True,False,False,False,False,False,True,False,False,False,False,False,True,False,False,True,False
3,12,886,4,2,4,2,2,21,1,2,1,1,35.44,<25,False,True,False,False,False,False,False,True,False,False,False,False,False,True,False,False,False,False,False,True,True,False,False,False
1,18,2779,0,2,1,3,2,21,1,2,1,1,27.79,<25,False,True,False,False,True,False,False,False,False,False,False,False,False,False,False,True,False,False,False,True,False,False,True,False
3,12,3565,4,1,2,1,1,37,2,1,2,1,71.3,25-40,False,False,False,True,False,False,False,False,False,False,True,False,False,False,True,False,False,False,False,True,True,False,False,False
1,30,1919,1,1,4,3,3,30,2,3,1,0,76.76,25-40,False,False,True,False,False,False,False,True,False,False,False,False,False,False,True,False,False,False,True,False,True,False,False,False
0,12,7865,0,4,4,4,3,53,1,3,1,0,314.6,40-60,False,True,False,False,False,False,True,False,False,False,False,False,False,False,True,False,False,False,False,True,False,True,True,False
3,48,7629,4,4,4,2,2,46,2,3,2,1,305.16,40-60,False,False,False,True,False,False,False,False,False,False,False,False,True,False,False,False,False,False,False,False,True,False,False,False
0,24,2303,0,4,4,1,0,45,1,2,1,0,92.12,40-60,False,True,False,False,False,False,False,False,False,False,False,False,False,False,True,False,True,False,False,True,True,False,False,False
0,24,1024,0,1,4,4,0,48,1,2,1,0,40.96,40-60,False,False,True,False,False,False,False,True,False,False,False,False,False,False,False,True,False,False,True,False,True,False,False,False
3,12,2171,0,1,2,2,2,29,1,2,1,1,43.42,25-40,False,True,False,False,False,False,False,True,False,False,False,False,False,True,False,False,False,False,False,False,True,False,False,False
0,12,2246,0,4,3,3,1,60,2,2,1,0,67.38,60+,False,False,False,True,False,False,True,False,False,False,False,False,False,False,True,False,False,False,False,True,True,False,False,False
3,18,2238,0,2,2,1,2,25,2,2,1,1,44.76,25-40,False,False,False,True,False,False,False,True,False,False,False,False,False,True,False,False,False,False,False,True,True,False,False,False
3,27,8613,3,2,2,2,2,27,2,2,1,1,172.26,25-40,False,False,True,False,True,False,False,False,False,False,False,False,False,False,True,False,False,False,False,True,True,False,False,False
0,18,2473,0,0,4,1,2,25,1,0,1,0,98.92,25-40,False,True,False,False,False,False,True,False,False,False,False,False,False,False,True,False,False,False,False,True,True,False,False,False
2,10,1347,4,3,4,2,1,27,2,2,1,1,53.88,25-40,False,False,False,True,False,False,False,True,False,False,False,False,False,False,True,False,False,False,False,True,True,False,True,False
2,6,1299,0,2,1,1,0,74,3,0,2,1,12.99,60+,False,False,False,True,False,False,False,False,False,False,False,False,False,False,True,False,False,False,False,True,True,False,False,True
1,36,2323,0,3,4,4,2,24,1,2,1,1,92.92,<25,False,True,False,False,False,False,False,True,False,False,False,False,False,False,True,False,False,False,False,True,False,False,False,False
1,6,1449,1,4,1,2,2,31,2,2,2,1,14.49,25-40,False,False,True,False,False,False,False,False,False,False,False,False,True,False,False,False,False,False,False,False,True,False,False,False
3,15,3343,0,2,4,2,3,28,1,2,1,1,133.72,25-40,False,False,False,True,False,False,True,False,False,False,False,False,False,False,True,False,False,False,False,True,False,True,True,False
0,36,3249,0,3,2,4,3,39,1,3,2,1,64.98,25-40,False,True,False,False,False,False,False,False,False,False,False,False,False,False,True,False,False,False,False,False,False,True,True,False
1,9,1082,0,4,4,4,2,27,2,1,1,1,43.28,25-40,False,True,False,False,False,False,False,True,False,False,False,False,False,False,True,False,False,False,False,True,True,False,False,False
0,24,6568,0,2,2,2,2,21,1,1,1,1,131.36,<25,False,True,False,False,False,False,False,False,False,False,False,False,True,False,False,True,False,False,True,False,True,False,False,False
0,48,10297,0,3,4,4,3,39,3,2,2,0,411.88,25-40,False,True,False,False,True,False,False,False,False,False,False,False,False,False,True,False,False,False,True,False,False,True,True,False
0,15,3959,0,2,3,2,1,29,1,2,1,0,118.77,25-40,False,True,False,False,False,False,False,False,False,False,False,False,False,True,False,False,False,False,False,True,True,False,True,False
1,18,3590,0,0,3,3,2,40,3,0,2,1,107.7,40-60,False,False,False,True,False,False,False,False,False,False,False,False,True,False,False,True,False,False,False,True,True,False,True,False
0,12,626,0,2,4,4,0,24,1,1,1,0,25.04,<25,True,False,False,False,False,False,False,True,False,False,False,False,False,True,False,False,False,False,False,False,True,False,False,False
1,60,7418,4,2,1,1,0,27,1,1,1,1,74.18,25-40,False,False,True,False,False,False,False,True,False,False,False,False,False,False,True,False,False,False,False,True,True,False,False,False
3,15,3029,0,3,2,2,2,33,1,2,1,1,60.58,25-40,False,True,False,False,True,False,False,False,False,False,False,False,False,False,True,False,False,False,False,True,True,False,False,False
1,9,1549,4,1,4,2,0,35,1,0,1,1,61.96,25-40,False,True,False,False,False,False,False,False,False,False,False,False,False,False,True,False,False,False,False,True,True,False,False,False
1,24,2825,4,3,4,3,3,34,2,2,2,1,113.0,25-40,False,False,False,True,False,False,False,False,False,False,False,False,True,False,True,False,False,False,False,True,True,False,True,False
1,30,3832,0,1,2,1,1,22,1,2,1,1,76.64,<25,False,True,False,False,False,False,True,False,False,False,False,False,False,False,False,True,False,False,False,True,True,False,False,False
1,24,12579,0,4,4,2,3,44,1,3,1,0,503.16,40-60,False,True,False,False,True,False,False,False,False,False,False,False,False,True,False,False,False,False,False,True,False,True,True,False
2,18,2100,0,2,4,2,0,37,1,2,1,0,84.0,25-40,False,True,False,False,False,False,False,True,False,False,False,False,False,False,True,False,True,False,True,False,True,False,False,False
1,18,2622,1,2,4,4,2,34,1,2,1,1,104.88,25-40,False,True,False,False,False,False,False,False,False,False,False,False,True,False,True,False,False,False,False,True,True,False,False,False
1,24,1967,0,4,4,4,2,20,1,2,1,1,78.68,<25,False,True,False,False,False,False,False,True,False,False,False,False,False,True,False,False,False,False,False,True,True,False,True,False
1,60,7408,1,1,4,2,1,24,1,3,1,0,296.32,<25,False,True,False,False,False,False,False,False,False,False,False,False,False,True,False,False,False,False,False,True,True,False,False,False
1,36,2384,0,1,4,1,3,33,1,1,1,0,95.36,25-40,False,True,False,False,False,False,False,False,False,True,False,False,False,False,True,False,False,False,False,True,False,False,False,False
0,6,1957,0,3,1,4,2,31,1,2,1,1,19.57,25-40,False,False,False,True,False,False,False,True,False,False,False,False,False,True,False,False,False,False,False,True,True,False,False,False
3,28,2743,0,4,4,2,2,29,2,2,1,1,109.72,25-40,False,False,False,True,False,False,False,True,False,False,False,False,False,False,True,False,False,False,False,True,True,False,False,False
2,10,781,0,4,4,4,3,63,2,2,1,1,31.24,60+,False,False,False,True,False,False,False,False,False,False,False,False,False,False,True,False,False,False,False,True,False,True,True,False
0,14,8978,0,4,1,4,1,45,1,3,1,0,89.78,40-60,False,True,False,False,False,False,False,False,False,False,False,False,False,False,False,False,False,False,False,True,True,False,True,True
0,24,2812,4,4,2,4,0,26,1,2,1,1,56.24,25-40,False,True,False,False,True,False,False,False,False,False,False,False,False,True,False,False,False,False,False,True,False,False,False,False
0,30,4583,0,2,2,2,0,32,2,2,1,1,91.66,25-40,False,False,False,False,False,False,True,False,False,False,False,False,False,False,False,False,False,True,False,True,True,False,False,False
3,12,522,2,4,4,4,1,42,2,2,2,1,20.88,40-60,False,False,False,True,False,False,False,True,False,False,False,False,False,False,True,False,False,False,False,True,True,False,True,False
0,48,3051,0,2,3,4,2,54,1,2,1,0,91.53,40-60,False,True,False,False,False,False,False,False,True,False,False,False,False,False,True,False,False,False,False,True,True,False,False,False
2,18,1961,0,4,3,2,2,23,1,3,1,1,58.83,<25,False,True,False,False,False,False,False,False,False,False,False,False,False,True,False,False,False,False,False,True,True,False,False,False
3,10,2146,0,1,1,3,0,23,2,2,1,1,21.46,<25,False,False,False,True,False,False,True,False,False,False,False,False,False,True,False,False,False,False,False,True,False,False,False,False
1,30,3441,1,2,2,4,2,21,1,2,1,0,68.82,<25,False,True,False,False,False,False,True,False,False,False,False,False,False,True,False,False,True,False,False,True,False,False,False,False
0,12,795,0,1,4,4,1,53,1,2,1,0,31.8,40-60,False,True,False,False,False,False,False,False,False,False,True,False,False,True,False,False,False,False,False,True,True,False,False,False
3,18,4594,0,1,3,2,2,32,1,2,1,1,137.82,25-40,False,True,False,False,False,False,False,True,False,False,False,False,False,False,True,False,False,False,False,True,True,False,True,False
3,24,2679,0,1,4,1,3,29,1,3,1,1,107.16,25-40,False,True,False,False,True,False,False,False,False,False,False,False,False,True,False,False,False,False,False,True,True,False,True,False
0,12,709,0,4,4,4,0,57,1,1,1,0,28.36,40-60,False,True,False,False,False,False,False,True,False,False,False,False,False,False,True,False,False,False,True,False,True,False,False,False
3,15,1360,0,2,4,2,1,31,2,2,1,1,54.4,25-40,False,False,False,True,False,False,False,True,False,False,False,False,False,False,True,False,False,False,False,True,True,False,False,False
3,30,7596,4,4,1,4,2,63,2,2,1,1,75.96,60+,False,False,False,True,True,False,False,False,False,False,False,False,False,False,True,False,False,False,False,True,True,False,False,False
1,24,3069,1,4,4,4,3,30,1,2,1,1,122.76,25-40,False,True,False,False,False,False,True,False,False,False,False,False,False,False,True,False,False,False,False,True,False,True,False,False
3,42,4042,2,2,4,4,0,36,2,2,1,1,161.68,25-40,False,False,False,True,False,False,True,False,False,False,False,False,False,False,True,False,False,False,False,True,True,False,True,False
1,12,685,0,3,2,3,2,25,1,1,1,0,13.7,25-40,False,True,False,False,False,False,False,False,False,False,False,False,False,False,False,True,False,False,False,False,True,False,False,False
0,10,2315,0,4,3,4,0,52,1,1,1,1,69.45,40-60,False,True,False,False,False,False,False,True,False,False,False,False,False,False,True,False,False,False,False,True,True,False,False,False
1,18,2899,4,4,4,4,2,43,1,2,2,1,115.96,40-60,False,False,True,False,False,False,False,False,False,False,False,False,False,False,True,False,False,False,False,True,True,False,False,False
1,12,2969,0,1,4,3,1,25,2,2,1,0,118.76,25-40,False,False,False,False,False,False,True,False,False,False,False,False,False,True,False,False,False,False,False,True,False,False,False,False
1,7,2415,0,2,3,2,0,34,1,2,1,1,72.45,25-40,False,True,False,False,False,False,False,True,False,False,False,False,False,False,True,False,False,True,False,True,True,False,False,False
0,12,2214,0,2,4,3,1,24,1,1,1,1,88.56,<25,False,True,False,False,False,False,False,True,False,False,False,False,False,False,True,False,False,False,False,True,True,False,False,False
0,27,3416,0,2,3,2,2,27,1,3,1,1,102.48,25-40,False,True,False,False,False,False,False,True,False,False,False,False,False,False,True,False,False,False,False,True,True,False,False,False
1,21,2353,0,2,1,4,1,47,2,2,1,1,23.53,40-60,False,False,True,False,False,False,False,False,False,False,False,False,False,False,False,False,False,False,False,True,True,False,False,False
1,36,2820,0,1,4,4,2,27,2,2,1,0,112.8,25-40,False,False,False,True,False,False,False,False,False,False,False,False,False,False,False,False,False,False,False,True,True,False,False,False
0,24,3345,0,4,4,2,1,39,1,3,1,0,133.8,25-40,False,True,False,False,False,False,True,False,False,False,False,False,False,False,True,False,False,False,False,True,False,False,True,False
0,24,1199,0,4,4,4,2,60,2,1,1,0,47.96,60+,False,False,False,True,False,False,False,False,False,False,False,False,False,False,True,False,False,False,False,True,True,False,False,False
3,24,1413,0,2,4,2,1,28,1,2,1,1,56.52,25-40,False,True,False,False,False,False,False,True,False,False,False,False,False,False,False,True,False,False,False,True,True,False,False,False
1,24,3512,1,3,2,3,2,38,2,2,1,1,70.24,25-40,False,True,False,False,False,False,False,False,False,False,False,False,False,False,True,False,False,False,False,False,True,False,True,False
2,10,1225,0,2,2,2,2,37,1,2,1,1,24.5,25-40,False,True,False,False,False,False,False,False,True,False,False,False,False,False,True,False,False,False,False,True,True,False,True,False
3,36,2299,2,4,4,4,2,39,1,2,1,1,91.96,25-40,False,True,False,False,False,False,False,True,False,False,False,False,False,False,True,False,False,False,False,True,True,False,False,False
2,24,3749,0,1,2,4,2,26,1,2,1,1,74.98,25-40,False,True,False,False,False,False,True,False,False,False,False,False,False,True,False,False,False,False,False,True,True,False,False,False
1,39,4933,0,3,2,2,0,25,2,2,1,0,98.66,25-40,False,False,False,True,False,False,False,True,False,False,False,False,False,False,True,False,False,True,False,True,True,False,False,False
3,9,1244,4,4,4,4,1,41,2,1,1,1,49.76,40-60,False,False,False,True,False,False,False,False,False,False,True,False,False,True,False,False,False,False,False,True,False,False,False,False
3,36,10477,4,4,2,4,3,42,2,2,1,1,209.54,40-60,False,False,False,True,True,False,False,False,False,False,False,False,False,False,True,False,False,False,False,True,False,True,False,False
1,18,6204,0,2,2,4,0,44,1,1,2,1,124.08,40-60,False,False,True,False,False,False,False,False,False,True,False,False,False,False,True,False,False,False,False,True,True,False,True,False
3,48,10222,4,3,4,3,2,37,1,2,1,1,408.88,25-40,False,True,False,False,False,False,False,True,False,False,False,False,False,False,True,False,False,False,True,False,True,False,True,False
0,6,609,0,3,4,3,1,37,2,2,1,1,24.36,25-40,False,False,False,True,False,False,False,False,False,False,False,False,False,True,False,False,False,False,False,True,True,False,False,True
1,14,1410,2,4,1,2,0,35,1,2,1,1,14.1,25-40,False,True,False,False,False,False,False,False,False,False,False,False,True,False,False,True,False,False,False,True,True,False,True,False
1,15,6850,1,0,1,2,1,34,1,3,2,0,68.5,25-40,True,False,False,False,False,False,False,False,False,False,False,False,False,False,True,False,False,False,False,True,True,False,True,False
3,12,682,1,3,4,3,2,51,2,2,1,1,27.28,40-60,False,False,False,True,False,False,False,False,False,False,False,False,False,True,False,False,False,False,False,True,True,False,True,False
1,12,1155,0,4,3,3,0,40,2,1,1,1,34.65,40-60,False,True,False,False,False,False,False,True,False,False,False,False,False,False,False,True,False,True,False,False,True,False,False,False
0,12,701,0,2,4,2,0,40,1,1,1,1,28.04,40-60,False,True,False,False,False,False,False,True,False,False,False,False,False,False,False,True,False,False,False,True,True,False,False,False
1,12,3124,0,1,1,3,0,49,2,1,2,1,31.24,40-60,False,False,False,True,False,False,False,False,False,False,False,False,False,False,True,False,False,False,False,False,True,False,False,False
3,21,3275,0,4,1,4,2,36,1,3,1,1,32.75,25-40,False,False,False,True,True,False,False,False,False,False,False,False,False,False,True,False,False,False,False,True,True,False,True,False
3,6,660,2,3,2,4,0,23,1,1,1,1,13.2,<25,False,True,False,False,False,False,False,False,False,True,False,False,False,False,False,True,False,False,False,True,False,False,False,False
0,24,1659,0,1,4,2,2,29,1,1,1,0,66.36,25-40,False,False,True,False,False,False,False,True,False,False,False,False,False,True,False,False,False,False,False,True,False,False,True,False
3,6,1595,0,3,3,2,1,51,1,2,2,1,47.85,40-60,False,True,False,False,False,False,False,True,False,False,False,False,False,False,True,False,False,False,False,True,True,False,False,False
1,15,1444,4,1,4,1,1,23,1,2,1,1,57.76,<25,False,True,False,False,False,False,False,True,False,False,False,False,False,False,True,False,False,False,False,True,True,False,False,False
0,48,7119,0,2,3,4,3,53,2,2,2,0,213.57,40-60,False,False,False,False,False,False,True,False,False,False,False,False,False,False,True,False,False,False,False,True,False,True,False,False
3,24,6313,4,4,3,4,2,41,1,3,2,1,189.39,40-60,False,True,False,False,True,False,False,False,False,False,False,False,False,False,True,False,False,False,False,True,True,False,True,False
3,15,1979,4,4,4,2,2,35,1,2,1,1,79.16,25-40,False,True,False,False,False,False,False,True,False,False,False,False,False,False,True,False,False,False,False,True,True,False,False,False
3,60,15653,0,3,2,4,2,21,2,2,1,1,313.06,<25,False,False,True,False,False,False,False,True,False,False,False,False,False,False,True,False,False,False,False,True,True,False,True,False
1,24,1965,4,2,4,4,2,42,2,2,1,1,78.6,40-60,False,False,True,False,False,False,False,False,False,False,False,False,False,True,False,False,False,False,False,True,False,False,True,False
2,30,1908,0,4,4,4,0,66,1,3,1,0,76.32,60+,False,False,True,False,False,False,False,False,False,False,False,False,True,False,True,False,False,False,False,True,True,False,True,False
1,24,4712,4,2,4,2,1,37,2,3,1,1,188.48,25-40,False,False,True,False,False,False,False,False,False,False,False,False,True,False,True,False,False,False,False,False,True,False,True,False
1,24,5084,4,4,2,4,2,42,1,2,1,1,101.68,40-60,False,True,False,False,False,False,False,True,False,False,False,False,False,True,False,False,False,False,False,True,True,False,True,False
3,12,618,0,4,4,4,0,56,1,2,1,1,24.72,40-60,False,False,False,True,False,False,False,True,False,False,False,False,False,False,True,False,False,False,False,True,True,False,False,False
3,12,2096,0,3,2,3,0,49,1,1,2,1,41.92,40-60,False,False,False,True,False,False,False,False,False,False,True,False,False,False,True,False,False,False,False,True,True,False,False,False
0,13,1797,0,1,3,1,1,28,2,1,1,1,53.91,25-40,False,False,False,True,False,False,False,False,False,False,False,False,True,False,True,False,False,False,False,False,True,False,False,False
1,18,866,0,2,4,2,0,25,1,1,1,1,34.64,25-40,False,True,False,False,False,False,False,True,False,False,False,False,False,False,False,True,False,True,False,True,True,False,False,False
0,30,3857,0,2,4,4,1,40,1,3,1,1,154.28,40-60,False,True,False,False,True,False,False,False,False,False,False,False,False,False,False,False,False,False,False,True,True,False,True,False
3,12,1592,3,3,3,2,1,35,1,2,1,1,47.76,25-40,False,False,False,True,False,False,True,False,False,False,False,False,False,True,False,False,False,False,False,True,True,False,False,True
3,24,6842,4,2,2,4,1,46,2,3,2,1,136.84,40-60,False,False,False,True,True,False,False,False,False,False,False,False,False,False,True,False,False,False,False,True,True,False,True,False
1,30,5234,0,0,4,2,2,28,2,3,1,0,209.36,25-40,False,False,False,True,False,False,False,False,False,False,False,False,False,False,False,True,False,False,False,True,True,False,False,False
0,6,860,0,4,1,4,3,39,2,2,1,1,8.6,25-40,False,False,False,True,False,False,False,False,False,False,False,False,False,True,False,False,False,False,False,True,True,False,True,False
3,9,2697,0,2,1,2,0,32,1,2,2,1,26.97,25-40,False,True,False,False,False,False,False,True,False,False,False,False,False,False,True,False,False,False,False,True,True,False,False,False
3,24,1311,1,3,4,3,1,26,1,2,1,1,52.44,25-40,False,True,False,False,False,False,False,True,False,False,False,False,False,False,False,True,False,False,False,True,True,False,True,False
3,10,2901,4,1,1,4,0,31,1,2,1,1,29.01,25-40,False,True,False,False,True,False,False,False,False,False,False,False,False,True,False,False,False,False,False,True,False,False,False,False
0,40,5998,0,2,4,3,3,27,1,2,1,0,239.92,25-40,False,False,False,True,False,False,False,False,False,False,True,False,False,False,True,False,False,False,False,False,True,False,True,False
2,6,709,3,1,2,2,0,27,1,0,1,1,14.18,25-40,False,True,False,False,False,False,False,False,False,False,False,False,False,False,False,True,False,False,False,True,True,False,False,True
1,24,4351,4,2,1,4,1,48,1,1,1,1,43.51,40-60,False,True,False,False,False,False,True,False,False,False,False,False,False,True,False,False,False,False,False,True,True,False,True,False
1,15,2326,2,2,2,4,2,27,1,2,1,1,46.52,25-40,False,False,False,True,False,False,False,False,False,False,False,False,True,False,True,False,False,False,False,False,True,False,False,False
3,24,7393,0,2,1,4,1,43,1,1,2,1,73.93,40-60,False,True,False,False,False,False,False,False,False,False,False,False,False,False,True,False,False,False,False,True,True,False,False,False
3,36,3535,0,3,4,4,2,37,2,2,1,1,141.4,25-40,False,False,False,True,False,False,False,False,False,False,False,False,False,False,True,False,False,False,False,True,True,False,True,False
3,10,1231,0,4,3,4,0,32,2,1,2,1,36.93,25-40,False,False,False,True,False,False,False,False,False,False,False,False,False,False,True,False,False,False,False,True,True,False,False,True
0,18,3190,0,2,2,2,0,24,1,2,1,0,63.8,<25,False,True,False,False,False,False,False,True,False,False,False,False,False,True,False,False,False,False,False,True,True,False,False,False
0,24,1333,0,0,4,2,0,43,2,2,2,0,53.32,40-60,False,False,True,False,False,False,False,False,False,False,False,False,False,False,True,False,False,False,False,True,False,True,False,False
3,21,1572,3,4,4,4,0,36,1,1,1,1,62.88,25-40,False,True,False,False,False,False,False,False,False,False,False,False,True,True,False,False,False,False,False,False,True,False,False,False
1,6,931,1,1,1,1,1,32,1,1,1,0,9.31,25-40,True,False,False,False,False,False,False,False,False,False,False,False,False,True,False,False,False,False,True,False,True,False,False,False
3,36,3595,0,4,4,2,2,28,1,2,1,1,143.8,25-40,False,True,False,False,False,False,False,True,False,False,False,False,False,False,True,False,False,False,False,True,True,False,False,False
1,48,8487,4,3,1,2,2,24,1,2,1,1,84.87,<25,False,True,False,False,False,False,False,False,False,False,False,False,False,True,False,False,False,False,False,True,True,False,False,False
3,15,1459,0,2,4,2,2,43,1,1,1,1,58.36,40-60,False,False,False,True,False,False,False,True,False,False,False,False,False,True,False,False,False,False,False,True,True,False,False,False
3,36,2394,4,2,4,4,2,25,1,2,1,1,95.76,25-40,False,True,False,False,False,False,False,True,False,False,False,False,False,True,False,False,False,False,False,True,True,False,False,False
3,21,3160,4,4,4,3,1,41,1,2,1,1,126.4,40-60,False,True,False,False,False,False,False,True,False,False,False,False,False,False,True,False,False,False,False,True,True,False,True,False
2,4,1494,4,1,1,2,0,29,1,1,2,1,14.94,25-40,False,True,False,False,False,False,False,False,False,False,False,False,False,False,True,False,False,False,False,True,True,False,False,True
3,24,1597,0,4,4,4,3,54,2,2,2,1,63.88,40-60,False,False,False,True,False,False,False,False,False,False,True,False,False,False,True,False,False,False,False,True,False,True,False,False
3,6,1204,1,2,4,1,3,35,1,2,1,1,48.16,25-40,False,False,False,False,False,False,False,False,False,False,False,False,False,False,True,False,False,False,False,False,False,False,False,True
0,30,2406,0,3,4,4,0,23,1,2,1,0,96.24,<25,False,True,False,False,False,False,True,False,False,False,False,False,False,True,False,False,False,False,False,True,False,False,False,False
0,36,6229,0,1,4,4,3,23,2,1,1,0,249.16,<25,False,False,False,True,False,False,True,False,False,False,False,False,False,True,False,False,True,False,False,True,False,False,True,False
3,12,1402,2,3,3,4,2,37,1,2,1,1,42.06,25-40,False,False,False,True,False,False,True,False,False,False,False,False,False,True,False,False,False,False,False,True,False,False,True,False
3,12,1412,0,2,4,2,0,29,2,3,1,1,56.48,25-40,False,False,False,True,False,False,False,False,False,False,False,False,True,True,False,False,False,True,False,True,True,False,True,False
1,12,1410,0,2,2,2,0,31,1,1,1,1,28.2,25-40,False,False,False,False,False,False,False,False,False,False,False,True,False,False,True,False,False,False,False,True,True,False,True,False
0,15,3643,0,4,1,4,1,27,2,1,1,1,36.43,25-40,False,False,True,False,False,False,True,False,False,False,False,False,False,True,False,False,False,False,False,True,True,False,False,False
0,30,2522,0,4,1,3,1,39,1,2,2,1,25.22,25-40,False,True,False,False,False,False,False,True,False,False,False,False,False,False,True,False,False,True,False,True,True,False,False,False
0,47,10722,0,1,1,1,0,35,1,1,1,1,107.22,25-40,False,True,False,False,False,False,False,False,False,False,False,False,False,True,False,False,False,False,False,True,True,False,True,False
0,10,2241,0,1,1,3,0,48,2,1,2,1,22.41,40-60,False,False,False,True,False,False,False,False,False,False,False,False,False,False,True,False,False,False,False,True,False,False,False,True
0,6,2647,2,2,2,3,0,44,1,2,2,1,52.94,40-60,False,True,False,False,False,False,False,True,False,False,False,False,False,False,True,False,False,False,False,True,False,False,False,False
3,6,518,0,2,3,1,0,29,1,2,1,1,15.54,25-40,False,True,False,False,False,False,False,True,False,False,False,False,False,True,False,False,False,False,False,True,True,False,False,False
0,24,3149,0,1,4,1,3,22,1,2,1,1,125.96,<25,False,True,False,False,False,False,True,False,False,False,False,False,False,False,True,False,False,False,False,False,False,True,False,False
3,30,1867,4,4,4,4,2,58,1,2,1,1,74.68,40-60,False,True,False,False,False,False,False,True,False,False,False,False,False,False,True,False,False,False,False,True,True,False,True,False
0,21,1602,0,4,4,3,2,30,2,2,1,1,64.08,25-40,False,False,False,True,False,False,False,False,False,False,False,False,False,False,False,True,False,False,False,True,True,False,True,False
3,6,1346,1,4,2,4,3,42,1,2,2,1,26.92,40-60,False,True,False,False,False,False,False,True,False,False,False,False,False,False,True,False,False,False,False,False,False,True,True,False
0,6,343,0,1,4,1,0,27,1,2,1,1,13.72,25-40,False,True,False,False,False,False,False,False,True,False,False,False,False,True,False,False,False,False,False,True,True,False,False,False
1,48,3844,1,3,4,4,3,34,1,1,2,0,153.76,25-40,False,False,False,False,False,False,False,False,False,False,False,False,True,False,True,False,False,False,False,True,False,True,False,False
3,11,1393,0,1,4,4,2,35,2,3,1,1,55.72,25-40,False,False,False,True,False,False,False,False,False,False,False,False,False,True,False,False,False,False,False,True,True,False,False,False
3,18,1800,0,2,4,2,2,24,2,2,1,1,72.0,<25,False,False,False,True,False,False,False,True,False,False,False,False,False,False,True,False,False,False,False,True,True,False,False,False
1,9,276,0,2,4,4,0,22,1,1,1,1,11.04,<25,False,True,False,False,False,False,False,False,False,False,False,False,False,False,False,True,False,False,False,True,False,False,False,False
3,18,1582,3,4,4,4,2,46,2,2,1,1,63.28,40-60,False,False,False,True,False,False,False,True,False,False,False,False,False,False,True,False,False,False,False,True,True,False,False,False
3,36,10875,0,4,2,2,2,45,2,2,2,1,217.5,40-60,False,False,True,False,False,False,False,False,False,False,False,False,False,False,True,False,False,False,False,True,True,False,True,False
3,15,4657,0,2,3,2,2,30,1,2,1,1,139.71,25-40,False,True,False,False,True,False,False,False,False,False,False,False,False,False,True,False,False,False,False,True,True,False,True,False
3,12,3059,3,3,2,4,0,61,1,1,1,1,61.18,60+,False,True,False,False,False,False,False,True,False,False,False,False,False,False,False,False,False,False,False,True,True,False,False,False
3,18,2515,0,2,3,4,0,43,1,2,1,1,75.45,40-60,False,True,False,False,False,False,True,False,False,False,False,False,False,False,True,False,False,False,False,True,True,False,True,False
1,48,3979,4,3,4,1,2,41,2,2,2,1,159.16,40-60,False,True,False,False,False,False,False,True,False,False,False,False,False,False,True,False,False,False,False,True,True,False,True,False
3,15,2221,2,2,2,4,2,20,1,2,1,1,44.42,<25,False,True,False,False,False,False,True,False,False,False,False,False,False,True,False,False,False,False,False,True,False,False,False,False
0,8,731,0,4,4,4,0,47,2,1,1,1,29.24,40-60,False,False,False,True,False,False,False,False,False,False,False,False,False,False,True,False,False,False,False,True,True,False,False,False
1,16,1175,0,0,2,3,2,68,3,0,1,1,23.5,60+,False,False,False,True,False,False,False,False,False,False,False,False,False,False,True,False,False,False,False,True,False,True,True,False
2,15,1905,0,4,4,4,2,40,1,3,1,1,76.2,40-60,False,True,False,False,False,False,False,False,False,False,True,False,False,False,True,False,False,False,False,True,False,False,True,False
1,9,2118,0,2,2,2,0,37,1,1,2,1,42.36,25-40,False,True,False,False,False,False,False,True,False,False,False,False,False,False,True,False,False,False,False,True,True,False,False,False
2,36,4473,0,4,4,2,2,31,1,2,1,1,178.92,25-40,False,True,False,False,False,False,False,True,False,False,False,False,False,False,True,False,False,False,False,True,True,False,False,False
0,16,2625,0,4,2,4,1,43,1,2,1,0,52.5,40-60,False,False,False,True,False,False,False,False,False,False,False,False,False,False,True,False,False,True,False,False,False,False,True,False
3,18,2051,0,1,4,1,0,33,1,2,1,1,82.04,25-40,False,True,False,False,False,False,False,True,False,False,False,False,False,False,True,False,False,False,False,True,True,False,False,False
1,9,1136,3,4,4,3,3,32,2,2,2,0,45.44,25-40,False,False,False,True,False,False,False,False,False,False,True,False,False,False,True,False,False,False,False,True,False,True,False,False
3,18,1473,0,1,3,4,0,39,1,2,1,1,44.19,25-40,False,True,False,False,False,False,False,True,False,False,False,False,False,False,False,True,False,False,False,True,True,False,True,False
3,30,2333,2,4,4,2,2,30,1,3,1,1,93.32,25-40,False,True,False,False,False,False,False,True,False,False,False,False,False,False,True,False,False,False,False,False,True,False,False,False
3,12,2012,4,3,4,2,2,61,1,2,1,1,80.48,60+,False,False,False,True,False,False,False,False,False,False,True,False,False,True,False,False,False,False,False,True,True,False,False,False
3,12,1185,0,2,3,2,0,27,2,2,1,1,35.55,25-40,False,False,False,True,False,False,False,False,False,False,False,False,True,True,False,False,False,False,False,True,True,False,False,False
1,24,2718,0,2,3,4,1,20,1,1,1,0,81.54,<25,False,True,False,False,False,False,False,False,False,False,False,False,False,True,False,False,False,False,False,True,False,False,True,False
1,12,958,0,3,2,3,0,47,2,1,2,1,19.16,40-60,False,False,False,True,False,False,False,False,False,False,False,False,False,False,True,False,False,False,False,True,True,False,False,False
1,12,1223,0,4,1,1,0,46,2,2,1,0,12.23,40-60,False,True,False,False,False,False,False,False,False,False,False,False,False,False,False,False,False,False,False,True,False,False,False,False
0,9,2799,0,2,2,2,0,36,2,2,2,1,55.98,25-40,False,False,False,True,False,False,False,False,False,False,False,False,False,False,True,False,False,False,False,True,False,False,False,False
1,36,4455,0,2,2,2,0,30,2,3,1,0,89.1,25-40,False,False,True,False,False,False,False,False,False,False,False,False,True,False,False,False,False,False,True,False,True,False,True,False
0,24,2910,0,3,2,1,3,34,1,3,1,1,58.2,25-40,False,True,False,False,True,False,False,False,False,False,False,False,False,False,True,False,False,False,False,True,False,True,True,False
1,18,1924,4,1,4,3,0,27,1,2,1,0,76.96,25-40,False,True,False,False,False,False,True,False,False,False,False,False,False,True,False,False,False,False,False,True,False,False,False,False
2,24,1377,1,4,4,2,3,47,1,2,1,1,55.08,40-60,False,True,False,False,False,False,False,True,False,False,False,False,False,True,False,False,False,False,False,True,False,True,True,False
0,18,2249,1,3,4,3,2,30,1,3,2,1,89.96,25-40,False,True,False,False,False,False,False,False,False,False,False,False,False,False,True,False,False,False,False,True,True,False,True,False
0,42,7882,0,3,2,4,1,45,1,2,2,1,157.64,40-60,False,True,False,False,False,False,True,False,False,False,False,False,False,False,True,False,False,True,False,True,False,True,False,False
1,12,1158,2,2,3,1,2,26,1,2,1,1,34.74,25-40,False,True,False,False,False,False,False,True,False,False,False,False,False,False,False,False,False,False,False,True,True,False,True,False
3,27,2570,0,2,3,3,0,21,1,2,1,0,77.1,<25,False,True,False,False,False,False,False,False,False,False,False,False,False,True,False,False,False,False,False,True,False,False,False,False
0,18,1880,0,3,4,1,1,32,2,3,1,1,75.2,25-40,False,False,False,True,False,False,False,True,False,False,False,False,False,False,False,True,False,False,False,True,True,False,True,False
3,36,6614,0,4,4,4,2,34,2,3,1,1,264.56,25-40,False,False,False,True,False,False,False,False,False,False,False,False,False,False,True,False,False,False,False,True,True,False,True,False
1,12,3017,0,1,3,1,0,34,1,3,1,1,90.51,25-40,False,True,False,False,False,False,True,False,False,False,False,False,False,True,False,False,False,False,False,True,False,False,False,False
3,24,1901,1,2,4,4,2,29,1,3,1,1,76.04,25-40,False,True,False,False,False,False,False,True,False,False,False,False,False,False,True,False,False,False,False,True,False,False,True,False
0,18,1345,0,2,4,3,0,26,1,2,1,0,53.8,25-40,False,True,False,False,False,False,False,True,False,False,False,False,False,False,False,True,False,False,False,False,True,False,False,False
2,15,392,0,1,4,4,1,23,1,2,1,1,15.68,<25,False,True,False,False,False,False,False,False,False,False,True,False,False,True,False,False,False,False,False,True,False,False,True,False
3,6,672,0,0,1,4,0,54,1,0,1,1,6.72,40-60,False,True,False,False,False,False,False,False,False,False,False,False,False,True,False,False,False,False,False,True,True,False,True,False
3,15,1471,0,2,4,4,3,35,2,2,1,1,58.84,25-40,False,False,False,True,False,False,False,True,False,False,False,False,False,False,True,False,False,False,False,True,False,True,True,False
3,24,1525,3,3,4,3,2,34,1,2,2,1,61.0,25-40,False,True,False,False,False,False,False,False,False,False,False,False,False,True,False,False,False,False,False,True,True,False,True,False
3,48,12749,2,3,4,1,2,37,1,3,1,1,509.96,25-40,False,False,True,False,False,False,False,True,False,False,False,False,False,False,True,False,False,False,False,True,True,False,True,False
0,12,1858,0,1,4,1,2,22,1,2,1,1,74.32,<25,False,True,False,False,False,False,True,False,False,False,False,False,False,True,False,False,False,False,False,True,False,False,False,False
3,36,5842,0,4,2,2,1,35,2,2,2,1,116.84,25-40,False,False,False,True,True,False,False,False,False,False,False,False,False,False,True,False,False,False,False,True,True,False,True,False
3,10,2848,1,2,1,2,0,32,1,2,2,1,28.48,25-40,False,True,False,False,True,False,False,False,False,False,False,False,False,False,True,False,True,False,False,True,True,False,False,False
1,18,1042,4,2,4,2,1,33,1,2,1,0,41.68,25-40,False,True,False,False,False,False,False,False,False,False,False,False,False,True,False,False,False,False,False,True,True,False,False,False
3,9,1388,0,2,4,2,0,26,1,2,1,1,55.52,25-40,False,True,False,False,False,False,True,False,False,False,False,False,False,True,False,False,False,False,False,True,False,False,False,False
0,12,1526,0,4,4,4,3,66,2,3,1,1,61.04,60+,False,False,False,True,True,False,False,False,False,False,False,False,False,False,True,False,False,False,False,True,False,True,False,False
3,18,1817,0,2,4,2,3,28,2,2,1,1,72.68,25-40,False,False,False,True,False,False,True,False,False,False,False,False,False,True,False,False,False,False,False,True,True,False,False,False
3,36,7855,0,2,4,2,0,25,2,2,1,0,314.2,25-40,False,False,False,True,False,False,False,False,False,False,False,False,False,True,False,False,False,False,True,False,True,False,True,False
1,30,4280,1,2,4,4,2,26,2,1,1,0,171.2,25-40,False,False,False,False,False,False,False,False,False,False,False,False,True,True,False,False,False,False,False,True,False,False,False,False
3,4,3380,0,3,1,1,0,37,1,2,2,1,33.8,25-40,False,False,False,True,False,False,False,False,False,False,False,False,False,True,False,False,False,False,False,True,True,False,False,False
0,6,662,0,1,3,4,0,41,1,1,2,1,19.86,40-60,False,True,False,False,False,False,False,False,False,False,False,False,False,False,True,False,False,False,False,True,True,False,True,False
3,12,1736,0,3,3,4,0,31,1,1,1,1,52.08,25-40,False,True,False,False,False,False,True,False,False,False,False,False,False,True,False,False,False,False,False,True,True,False,False,False
0,21,3414,0,1,2,1,1,26,2,2,1,0,68.28,25-40,False,False,True,False,False,False,False,False,False,False,True,False,False,False,True,False,False,False,False,True,True,False,False,False
3,12,1101,0,2,3,2,0,27,2,2,1,1,33.03,25-40,False,True,False,False,False,False,False,False,False,False,False,False,False,False,False,True,False,False,False,True,True,False,True,False
3,6,1766,0,2,1,2,1,21,1,2,1,1,17.66,<25,False,True,False,False,False,False,True,False,False,False,False,False,False,False,False,True,False,False,False,True,False,False,False,False
3,7,846,4,4,3,4,3,36,1,2,1,1,25.38,25-40,False,False,True,False,False,False,False,True,False,False,False,False,False,False,True,False,False,False,False,True,False,True,False,False
1,9,918,0,2,4,1,1,30,1,2,1,0,36.72,25-40,False,True,False,False,False,False,True,False,False,False,False,False,False,True,False,False,False,False,False,True,True,False,False,False
3,24,3062,2,4,4,3,3,32,1,2,1,1,122.48,25-40,False,True,False,False,False,False,True,False,False,False,False,False,False,False,True,False,False,False,False,True,False,False,True,False
1,36,1953,0,4,4,4,3,61,1,3,1,0,78.12,60+,False,False,False,False,False,False,False,False,False,False,False,False,True,False,True,False,False,False,False,True,False,True,True,False
0,21,3763,4,3,2,2,0,24,1,1,1,1,75.26,<25,False,True,False,False,False,False,False,False,False,False,False,False,False,False,True,False,True,False,False,True,True,False,False,True
1,18,4439,0,4,1,1,0,33,1,3,1,1,44.39,25-40,False,True,False,False,False,False,False,False,False,False,False,False,True,False,True,False,True,False,False,False,True,False,True,False
0,24,1987,0,2,2,4,0,21,1,1,2,0,39.74,<25,False,True,False,False,False,False,False,True,False,False,False,False,False,False,True,False,False,False,False,True,False,False,False,False
0,18,4153,0,2,2,3,2,42,1,2,1,0,83.06,40-60,False,True,False,False,False,False,True,False,False,False,False,False,False,False,True,False,True,False,False,True,True,False,False,False
3,21,1591,1,3,4,3,0,34,2,3,1,1,63.64,25-40,False,False,True,False,False,False,True,False,False,False,False,False,False,False,True,False,False,False,False,True,True,False,False,False
0,8,1164,0,4,3,4,3,51,2,3,2,1,34.92,40-60,False,False,False,True,False,True,False,False,False,False,False,False,False,False,True,False,False,False,False,False,False,True,True,False
1,9,1206,0,4,4,4,0,25,1,2,1,1,48.24,25-40,False,True,False,False,False,False,False,True,False,False,False,False,False,True,False,False,False,False,False,True,True,False,False,False
3,24,3868,0,4,4,2,2,41,2,3,1,1,154.72,40-60,False,False,False,True,True,False,False,False,False,False,False,False,False,True,False,False,False,False,False,True,False,False,True,False
0,48,6758,0,2,3,2,2,31,1,2,1,0,202.74,25-40,False,True,False,False,False,False,False,True,False,False,False,False,False,True,False,False,False,False,False,True,True,False,True,False
1,20,6148,1,4,3,4,2,31,2,2,1,1,184.44,25-40,False,False,False,False,True,False,False,False,False,False,False,False,False,False,False,True,False,False,False,False,True,False,True,False
1,24,1553,1,3,3,2,1,23,2,2,1,1,46.59,<25,False,False,True,False,False,False,False,True,False,False,False,False,False,True,False,False,False,False,False,True,False,False,True,False
3,24,2603,3,2,2,4,2,28,1,2,1,1,52.06,25-40,False,True,False,False,True,False,False,False,False,False,False,False,False,True,False,False,False,False,False,True,False,False,True,False
1,18,3612,0,4,3,4,1,37,1,2,1,1,108.36,25-40,False,False,False,True,False,False,True,False,False,False,False,False,False,True,False,False,False,False,False,True,True,False,True,False
3,30,6742,4,3,2,3,1,36,2,2,1,1,134.84,25-40,False,False,False,True,False,False,False,True,False,False,False,False,False,False,True,False,False,False,False,True,True,False,False,False
3,36,10974,0,0,4,2,2,26,2,3,1,0,438.96,25-40,False,True,False,False,False,False,True,False,False,False,False,False,False,True,False,False,False,False,False,True,True,False,True,False
3,6,1740,0,4,2,2,0,30,2,2,1,1,34.8,25-40,False,False,False,True,False,False,False,True,False,False,False,False,False,False,False,True,False,False,False,True,False,False,False,False
0,10,1038,0,3,4,3,1,49,2,2,1,1,41.52,40-60,False,False,False,True,False,False,False,False,False,False,False,False,False,False,True,False,True,False,False,True,True,False,True,False
0,18,8471,4,2,1,2,2,23,2,2,1,1,84.71,<25,False,False,True,False,False,False,False,False,False,False,True,False,False,True,False,False,False,False,False,True,False,False,True,False
0,12,1107,0,2,2,2,0,20,1,3,2,1,22.14,<25,False,True,False,False,False,False,False,True,False,False,False,False,False,False,True,False,False,False,False,True,False,False,True,False
0,12,6199,0,2,4,2,1,28,2,2,1,0,247.96,25-40,False,False,False,False,False,False,False,True,False,False,False,False,False,False,True,False,False,False,False,True,False,False,True,False
3,12,1934,0,4,2,2,3,26,2,2,1,1,38.68,25-40,False,False,False,True,False,False,False,True,False,False,False,False,False,False,True,False,False,False,False,True,True,False,False,False
0,24,1231,3,4,4,4,1,57,2,3,1,1,49.24,40-60,False,False,False,True,False,False,False,True,False,False,False,False,False,True,False,False,False,False,False,True,False,False,True,False
3,6,1237,1,2,1,1,1,27,2,2,1,1,12.37,25-40,False,False,False,True,False,False,False,True,False,False,False,False,False,True,False,False,False,False,False,True,True,False,False,False
1,10,7308,0,0,2,4,3,70,1,3,1,1,146.16,60+,False,True,False,False,False,False,False,False,False,False,False,False,False,False,True,False,False,False,False,False,False,True,True,False
3,12,1076,0,2,2,2,0,26,1,2,1,1,21.52,25-40,False,True,False,False,False,False,False,False,False,False,False,False,True,False,False,True,False,False,False,True,True,False,True,True
1,48,10961,3,3,1,2,3,27,2,2,1,0,109.61,25-40,False,True,False,False,False,False,False,True,False,False,False,False,False,False,True,False,True,False,False,False,True,False,True,False
0,18,2124,0,2,4,4,0,24,2,2,1,0,84.96,<25,False,False,False,True,False,False,True,False,False,False,False,False,False,True,False,False,False,False,False,True,False,False,False,False
3,18,1055,0,1,4,1,1,30,2,2,1,1,42.2,25-40,False,False,False,True,False,False,False,False,False,False,False,False,False,True,False,False,False,False,False,True,True,False,False,False
0,12,902,0,3,4,4,1,21,1,2,1,0,36.08,<25,False,True,False,False,False,False,False,False,False,False,False,True,False,False,False,True,False,False,False,True,False,False,False,False
1,48,8358,2,1,1,1,2,30,2,2,1,1,83.58,25-40,False,False,False,False,False,False,False,False,False,False,False,False,False,True,False,False,False,False,False,True,True,False,False,False
3,18,433,0,0,3,4,0,22,1,2,1,0,12.99,<25,False,True,False,False,False,False,False,True,False,False,False,False,False,True,False,False,True,False,False,True,False,False,False,False
3,12,2279,4,2,4,4,3,37,1,2,1,1,91.16,25-40,False,True,False,False,False,False,False,True,False,False,False,False,False,False,True,False,False,False,False,True,False,True,True,False
0,12,1262,4,4,2,4,1,49,1,1,1,1,25.24,40-60,False,True,False,False,False,False,True,False,False,False,False,False,False,False,False,False,False,False,False,True,True,False,True,False
0,48,6331,0,4,4,4,3,46,2,2,1,0,253.24,40-60,False,False,False,True,True,False,False,False,False,False,False,False,False,False,True,False,False,False,False,True,False,True,True,False
0,36,1977,4,4,4,4,3,40,1,3,1,0,79.08,40-60,False,True,False,False,False,False,False,False,False,False,True,False,False,False,True,False,False,False,False,True,True,False,True,False
3,24,2978,4,2,4,4,0,32,2,2,2,1,119.12,25-40,False,False,True,False,False,False,False,False,False,False,False,False,True,False,True,False,False,False,False,True,True,False,True,False
3,30,4272,1,2,2,2,1,26,2,1,1,1,85.44,25-40,False,False,True,False,False,False,False,False,False,False,False,False,True,False,True,False,False,False,False,True,True,False,False,False
1,24,1216,1,1,4,4,3,38,2,2,2,0,48.64,25-40,False,False,False,True,False,False,False,True,False,False,False,False,False,False,True,False,False,False,False,False,True,False,False,False
0,21,1647,4,2,4,2,1,40,2,1,2,0,65.88,40-60,True,False,False,False,False,False,False,False,False,False,False,False,False,False,True,False,False,False,False,True,True,False,False,False
3,21,2476,4,4,4,4,0,46,1,3,1,1,99.04,40-60,False,True,False,False,True,False,False,False,False,False,False,False,False,False,True,False,False,False,False,True,True,False,True,False
3,28,7824,4,1,3,4,0,40,2,2,2,1,234.72,40-60,True,False,False,False,True,False,False,False,False,False,False,False,False,False,True,False,False,True,False,False,False,False,True,False
0,24,1371,4,2,4,4,0,25,1,2,1,0,54.84,25-40,False,True,False,False,False,False,False,False,False,False,False,False,False,True,False,False,False,False,False,True,False,False,False,False
3,36,9572,0,1,1,1,2,28,2,2,1,0,95.72,25-40,False,False,True,False,False,False,False,False,False,False,False,False,True,False,False,False,False,False,False,True,True,False,False,False
3,15,2708,0,1,2,3,1,27,2,1,1,1,54.16,25-40,False,True,False,False,False,False,True,False,False,False,False,False,False,False,True,False,False,False,False,False,True,False,False,False
3,24,1516,3,2,4,1,0,43,2,1,1,1,60.64,40-60,False,False,False,True,False,False,False,True,False,False,False,False,False,True,False,False,False,False,False,True,True,False,False,False
0,30,3108,0,1,2,4,1,31,1,1,1,0,62.16,25-40,False,True,False,False,False,False,True,False,False,False,False,False,False,False,False,False,False,False,False,True,True,False,False,False
1,9,458,0,2,4,3,0,24,1,2,1,1,18.32,<25,False,True,False,False,False,False,False,True,False,False,False,False,False,False,True,False,False,False,False,True,True,False,False,False
1,42,5954,0,3,2,1,0,41,2,1,1,1,119.08,40-60,False,False,False,True,False,False,False,False,False,False,False,False,True,True,False,False,False,False,False,False,True,False,False,False
0,24,3552,0,3,3,4,2,27,1,2,1,0,106.56,25-40,True,False,False,False,False,False,True,False,False,False,False,False,False,False,True,False,False,False,False,False,True,False,False,False
2,24,1275,3,2,2,4,0,36,2,2,1,1,25.5,25-40,False,False,False,True,False,False,False,False,False,False,False,False,True,False,False,False,False,False,False,True,True,False,True,False
0,24,4169,0,2,4,4,1,28,1,2,1,1,166.76,25-40,False,True,False,False,False,False,True,False,False,False,False,False,False,False,True,False,False,False,False,True,True,False,False,False
3,60,6527,4,2,4,4,3,34,1,2,2,1,261.08,25-40,False,True,False,False,False,False,False,False,False,False,False,False,False,False,True,False,False,False,False,True,False,True,True,False
0,24,3632,0,2,1,4,2,22,1,2,1,1,36.32,<25,True,False,False,False,True,False,False,False,False,False,False,False,False,True,False,False,False,True,False,False,False,False,False,True
0,12,3651,3,2,1,3,1,31,1,2,2,1,36.51,25-40,False,True,False,False,False,False,False,False,False,False,False,False,False,False,True,False,False,False,False,True,True,False,False,False
1,36,2337,0,4,4,4,0,36,1,2,1,1,93.48,25-40,False,False,False,True,False,False,False,True,False,False,False,False,False,False,True,False,False,False,False,True,True,False,False,False
1,18,1913,3,1,3,3,0,36,1,2,1,1,57.39,25-40,False,True,False,False,False,False,False,False,False,False,False,False,True,False,False,True,False,False,False,False,True,False,True,False
1,8,1414,0,2,4,2,0,33,1,2,1,1,56.56,25-40,False,True,False,False,False,False,False,True,False,False,False,False,False,False,True,False,False,True,False,True,True,False,False,True
0,24,2957,0,4,4,4,1,63,2,2,1,1,118.28,60+,False,False,False,True,True,False,False,False,False,False,False,False,False,False,True,False,False,False,False,True,True,False,True,False
2,21,2923,1,2,1,1,2,28,1,3,1,1,29.23,25-40,False,True,False,False,False,False,False,False,False,False,False,False,False,True,False,False,False,False,False,False,True,False,True,False
3,12,4675,4,1,1,4,2,20,1,2,1,1,46.75,<25,False,True,False,False,True,False,False,False,False,False,False,False,False,True,False,False,False,False,False,True,False,False,False,False
3,9,2134,0,2,4,4,2,48,3,2,1,1,85.36,40-60,False,False,False,True,False,False,False,False,False,False,False,False,False,False,True,False,False,False,False,True,True,False,True,False
3,11,2142,3,4,1,2,0,28,1,2,1,1,21.42,25-40,False,True,False,False,False,False,False,False,False,False,False,False,True,False,False,False,False,False,False,True,True,False,True,False
2,21,2319,0,1,2,1,2,33,1,2,1,0,46.38,25-40,False,False,False,True,False,False,False,False,False,False,True,False,False,False,False,False,False,False,False,True,False,False,False,False
0,18,1049,0,1,4,4,1,21,1,2,1,1,41.96,<25,False,False,False,True,False,False,True,False,False,False,False,False,False,True,False,False,False,False,False,True,False,False,False,False
2,12,939,2,3,4,2,0,28,3,2,1,0,37.56,25-40,False,False,False,True,False,False,False,False,False,False,False,False,False,False,False,True,False,False,False,True,True,False,True,False
3,18,6761,4,2,2,4,2,68,2,2,1,0,135.22,60+,False,True,False,False,False,False,False,False,False,False,False,False,False,False,True,False,False,False,False,True,False,False,False,False
0,15,1478,0,4,4,4,2,44,2,2,2,1,59.12,40-60,False,False,False,True,False,False,True,False,False,False,False,False,False,False,True,False,False,False,False,True,True,False,True,False
1,12,6078,0,3,2,2,2,32,1,2,1,1,121.56,25-40,False,True,False,False,False,False,False,False,False,False,False,False,False,False,True,False,False,False,False,True,True,False,False,False
3,18,1568,1,2,3,4,1,24,1,1,1,1,47.04,<25,False,True,False,False,False,False,False,False,False,False,False,False,True,True,False,False,False,False,False,True,False,False,False,False
3,18,1098,0,0,4,4,2,65,2,0,1,1,43.92,60+,False,False,False,True,False,False,False,True,False,False,False,False,False,True,False,False,False,False,False,True,True,False,False,False
0,33,4281,2,2,1,4,2,23,2,2,1,0,42.81,<25,False,False,False,True,False,False,True,False,False,False,False,False,False,True,False,False,False,False,False,True,True,False,False,False
3,18,1453,0,1,3,1,0,26,1,2,1,1,43.59,25-40,False,True,False,False,False,False,False,True,False,False,False,False,False,True,False,False,False,False,False,True,True,False,False,False
3,4,1503,0,3,2,1,0,42,2,1,2,1,30.06,40-60,False,False,False,True,False,False,False,True,False,False,False,False,False,False,True,False,False,False,False,True,True,False,False,False
3,39,8588,1,4,4,2,2,45,1,3,1,1,343.52,40-60,False,True,False,False,True,False,False,False,False,False,False,False,False,False,True,False,False,False,False,True,True,False,True,False
3,18,3422,0,4,4,4,1,47,3,2,2,1,136.88,40-60,False,True,False,False,False,False,True,False,False,False,False,False,False,False,True,False,False,False,False,False,True,False,True,False
3,13,1409,1,0,2,4,0,64,1,2,1,1,28.18,60+,False,True,False,False,False,False,False,True,False,False,False,False,False,True,False,False,False,False,False,True,True,False,False,False
3,12,3331,0,4,2,4,1,42,1,2,1,1,66.62,40-60,False,False,False,True,False,False,True,False,False,False,False,False,False,False,True,False,False,False,True,False,True,False,False,False
3,24,4042,4,3,3,4,1,43,2,2,1,1,121.26,40-60,False,False,False,True,True,False,False,False,False,False,False,False,False,False,True,False,False,False,False,True,True,False,True,False
1,6,1068,0,4,4,4,2,28,1,2,2,1,42.72,25-40,False,True,False,False,False,False,False,True,False,False,False,False,False,False,True,False,False,False,False,True,True,False,False,False
2,12,3399,4,4,2,3,2,37,1,3,1,1,67.98,25-40,False,True,False,False,False,False,False,True,False,False,False,False,False,False,True,False,False,False,False,True,True,False,False,False
3,18,1943,0,1,4,4,0,23,1,2,1,0,77.72,<25,False,True,False,False,False,False,False,False,False,True,False,False,False,True,False,False,False,False,False,True,True,False,False,False
3,30,5954,0,3,3,2,2,38,1,2,1,1,178.62,25-40,False,False,False,True,False,False,False,True,False,False,False,False,False,False,True,False,True,False,False,True,True,False,False,False
2,9,745,0,2,3,2,0,28,1,1,1,0,22.35,25-40,False,True,False,False,False,False,False,True,False,False,False,False,False,True,False,False,False,False,False,True,True,False,False,False
2,24,3617,4,4,4,4,3,20,2,2,1,1,144.68,<25,False,False,False,True,False,False,True,False,False,False,False,False,False,False,True,False,True,False,False,True,False,False,False,False
1,21,3652,0,3,2,3,1,27,2,2,1,1,73.04,25-40,False,False,False,True,False,False,False,False,False,False,False,False,True,False,True,False,False,False,False,True,True,False,False,False
0,18,976,0,1,1,2,2,23,1,1,1,0,9.76,<25,False,True,False,False,False,False,False,False,False,False,False,False,False,True,False,False,False,False,False,True,True,False,False,False
0,28,4006,0,2,3,2,2,45,1,1,1,0,120.18,40-60,False,True,False,False,False,False,False,False,False,False,False,False,False,False,True,False,False,False,False,True,True,False,False,False
1,54,15945,0,1,3,4,3,58,1,2,1,0,478.35,40-60,False,False,False,False,False,False,False,False,False,False,False,False,True,False,True,False,False,False,False,True,False,False,True,False
0,6,3384,0,2,1,4,0,44,1,3,1,0,33.84,40-60,False,False,False,True,False,False,True,False,False,False,False,False,False,False,False,False,False,False,False,True,False,False,True,False
3,9,936,2,4,4,2,2,52,2,2,1,1,37.44,40-60,False,False,False,True,False,False,False,False,False,False,True,False,False,False,True,False,False,False,False,True,True,False,True,False
3,6,4611,0,1,1,4,1,32,1,2,1,0,46.11,25-40,False,True,False,False,False,False,True,False,False,False,False,False,False,True,False,False,False,False,False,True,True,False,False,False
0,24,7721,4,1,1,2,1,30,1,2,1,1,77.21,25-40,False,True,False,False,False,False,True,False,False,False,False,False,False,True,False,False,False,False,False,True,True,False,True,True
3,18,2169,0,2,4,2,2,28,1,2,1,0,86.76,25-40,False,False,True,False,False,False,False,False,False,False,False,False,True,False,False,True,False,False,False,True,True,False,True,False
3,36,5711,3,4,4,2,2,38,2,3,1,1,228.44,25-40,False,False,False,True,True,False,False,False,False,False,False,False,False,False,True,False,False,False,False,True,True,False,True,False
0,12,741,1,0,4,3,1,22,1,2,1,0,29.64,<25,False,True,False,False,False,False,False,False,True,False,False,False,False,True,False,False,False,False,False,True,True,False,False,False
3,6,2080,2,2,1,2,2,24,1,2,1,1,20.8,<25,False,False,False,True,False,False,False,False,False,False,False,False,False,False,False,True,False,False,False,True,True,False,False,False
3,36,4454,0,2,4,4,0,34,2,2,1,1,178.16,25-40,False,False,True,False,False,False,False,True,False,False,False,False,False,True,False,False,False,False,False,True,True,False,False,False
1,45,4746,0,1,4,2,1,25,2,1,1,0,189.84,25-40,False,False,False,True,False,False,False,True,False,False,False,False,False,False,True,False,False,False,False,True,True,False,False,False
0,24,6579,0,0,4,2,3,29,1,3,1,1,263.16,25-40,False,True,False,False,True,False,False,False,False,False,False,False,False,False,True,False,False,False,False,True,False,True,True,False
1,12,1922,0,2,4,2,1,37,1,1,1,0,76.88,25-40,False,True,False,False,False,False,True,False,False,False,False,False,False,False,True,False,False,False,False,True,True,False,False,False
3,21,2241,0,4,4,2,0,50,2,2,1,1,89.64,40-60,False,True,False,False,False,False,True,False,False,False,False,False,False,False,True,False,False,False,False,True,True,False,False,False
0,48,4308,0,1,3,4,1,24,1,2,1,0,129.24,<25,False,True,False,False,False,False,False,False,False,False,False,False,True,True,False,False,False,False,False,True,False,False,False,False
3,30,3077,4,4,3,2,2,40,2,2,2,1,92.31,40-60,False,False,False,True,False,False,False,True,False,False,False,False,False,False,True,False,False,False,False,True,True,False,True,False
1,36,2273,0,3,3,1,2,32,2,2,2,1,68.19,25-40,False,True,False,False,False,False,False,False,False,False,True,False,False,False,True,False,False,False,False,True,True,False,False,False
1,18,884,0,4,4,4,2,36,1,2,2,0,35.36,25-40,False,False,False,True,False,False,False,False,False,False,False,False,False,False,True,False,False,False,False,False,True,False,True,False
3,24,2223,1,4,4,4,1,52,2,2,1,1,88.92,40-60,False,False,False,True,False,False,False,True,False,False,False,False,False,False,True,False,False,False,False,False,True,False,False,False
3,24,1552,0,3,3,1,2,32,1,2,2,1,46.56,25-40,False,True,False,False,False,False,False,True,False,False,False,False,False,False,True,False,False,False,False,False,True,False,False,False
3,24,1393,0,2,2,2,0,31,1,2,1,1,27.86,25-40,False,True,False,False,False,False,False,False,False,False,False,False,False,False,True,False,False,True,False,True,True,False,True,False
3,9,1478,0,3,4,2,2,22,1,2,1,0,59.12,<25,False,True,False,False,False,False,False,True,False,False,False,False,False,False,True,False,False,False,False,True,True,False,False,False
0,36,2712,0,4,2,2,1,41,1,2,2,0,54.24,40-60,False,True,False,False,False,False,True,False,False,False,False,False,False,False,True,False,False,False,False,False,True,False,False,False
0,12,3386,0,4,3,4,3,35,1,2,1,0,101.58,25-40,False,True,False,False,True,False,False,False,False,False,False,False,False,False,True,False,False,False,False,True,False,True,True,False
0,42,4370,0,3,3,2,1,26,2,2,2,0,131.1,25-40,False,False,True,False,False,False,False,True,False,False,False,False,False,False,True,False,False,False,False,False,True,False,True,False
1,6,14555,4,0,1,2,1,23,1,0,1,0,145.55,<25,False,True,False,False,False,False,False,False,False,False,False,False,False,False,True,False,False,False,False,True,True,False,True,False
3,21,2288,0,1,4,4,1,23,1,2,1,1,91.52,<25,False,False,False,True,False,False,True,False,False,False,False,False,False,True,False,False,False,False,False,True,True,False,True,False
1,18,3244,0,2,1,4,2,33,2,2,1,1,32.44,25-40,False,False,False,False,False,False,True,False,False,False,False,False,False,True,False,False,False,False,False,False,True,False,True,False
2,12,2247,0,2,2,2,2,36,2,2,1,1,44.94,25-40,False,False,True,False,False,False,False,False,False,False,False,False,False,True,False,False,False,False,True,False,True,False,True,False
3,12,926,0,0,1,2,1,38,1,0,1,1,9.26,25-40,False,False,False,True,False,False,False,False,False,False,False,False,False,True,False,False,False,False,False,True,True,False,False,False
0,36,9271,0,3,2,1,2,24,1,2,1,0,185.42,<25,False,True,False,False,False,False,False,False,False,False,False,False,False,False,True,False,False,False,False,True,True,False,True,False
0,24,2439,0,1,4,4,0,35,1,2,1,0,97.56,25-40,False,True,False,False,False,False,False,True,False,False,False,False,False,True,False,False,False,False,False,True,True,False,True,False
3,12,804,0,4,4,4,2,38,1,2,1,1,32.16,25-40,False,True,False,False,False,False,False,True,False,False,False,False,False,False,True,False,False,False,False,True,True,False,False,False
0,6,1203,1,4,3,2,1,43,1,2,1,1,36.09,40-60,False,True,False,False,False,False,False,False,False,False,False,False,False,False,True,False,False,False,False,True,True,False,True,False
3,18,1028,0,2,4,3,0,36,2,2,1,1,41.12,25-40,False,False,False,True,False,False,False,False,False,False,False,False,False,True,False,False,False,False,False,True,True,False,False,False
3,18,3850,0,3,3,1,2,27,2,2,1,1,115.5,25-40,False,False,False,True,True,False,False,False,False,False,False,False,False,False,True,False,False,False,False,True,True,False,False,False
2,24,947,0,3,4,3,3,38,1,2,2,0,37.88,25-40,False,True,False,False,False,False,False,False,False,False,False,False,False,False,True,False,False,False,False,False,False,True,False,False
0,48,4788,0,3,4,3,1,26,1,2,2,1,191.52,25-40,False,True,False,False,True,False,False,False,False,False,False,False,False,False,True,False,False,False,False,True,True,False,False,False
0,12,708,0,2,2,3,1,38,1,1,2,1,14.16,25-40,False,True,False,False,False,False,True,False,False,False,False,False,False,False,True,False,False,True,False,True,True,False,False,False
3,24,7814,0,3,3,3,2,38,1,3,1,1,234.42,25-40,False,True,False,False,True,False,False,False,False,False,False,False,False,False,True,False,False,False,False,True,True,False,True,False
3,15,874,4,1,4,1,0,24,1,2,1,1,34.96,<25,False,True,False,False,False,False,False,False,True,False,False,False,False,True,False,False,False,False,False,True,True,False,False,False
0,48,6999,0,3,1,1,0,34,2,2,1,0,69.99,25-40,False,True,False,False,False,False,False,True,False,False,False,False,False,False,False,True,False,True,False,True,True,False,True,False
1,6,454,0,1,3,1,1,22,1,1,1,1,13.62,<25,False,True,False,False,False,False,False,False,False,True,False,False,False,False,False,True,False,False,False,True,True,False,False,False
3,20,3485,4,1,2,4,0,44,2,2,1,1,69.7,40-60,False,False,False,True,False,False,False,False,False,False,False,False,False,False,False,False,False,False,False,True,True,False,True,False
1,12,754,4,4,4,4,1,38,2,2,1,1,30.16,25-40,False,True,False,False,False,False,False,False,False,False,False,True,False,False,True,False,False,False,False,True,True,False,False,False
1,24,3092,1,1,3,2,2,22,1,2,1,0,92.76,<25,False,True,False,False,False,False,False,True,False,False,False,False,False,False,False,True,False,False,False,True,False,False,True,False
1,48,9960,0,1,1,2,2,26,1,2,1,0,99.6,25-40,False,True,False,False,False,False,True,False,False,False,False,False,False,True,False,False,False,False,False,True,True,False,True,False
1,24,4736,0,1,2,4,2,25,1,1,1,0,94.72,25-40,False,False,False,True,False,False,True,False,False,False,False,False,False,True,False,False,False,False,False,False,True,False,False,False
0,30,8072,4,1,2,3,2,25,3,2,1,1,161.44,25-40,False,False,False,False,False,False,False,False,False,False,False,False,True,False,True,False,False,False,False,False,True,False,False,False
3,12,1386,2,2,2,2,1,26,1,2,1,0,27.72,25-40,False,True,False,False,False,False,False,False,False,False,False,False,False,True,False,False,False,False,False,True,True,False,False,False
0,12,1168,0,2,4,3,0,27,1,1,1,1,46.72,25-40,False,True,False,False,False,False,False,False,False,False,False,False,False,False,False,True,False,False,False,True,True,False,False,False
1,45,4576,1,0,3,4,2,27,1,2,1,1,137.28,25-40,False,False,False,True,True,False,False,False,False,False,False,False,False,False,True,False,False,False,False,True,True,False,False,False
0,42,7174,4,3,4,3,2,30,1,3,1,0,286.96,25-40,False,True,False,False,False,False,False,True,False,False,False,False,False,True,False,False,False,False,False,True,True,False,True,False
3,12,1163,2,2,4,4,0,44,1,2,1,1,46.52,40-60,False,False,False,True,False,False,False,False,False,False,False,False,False,False,True,False,False,False,False,True,True,False,True,False
0,6,1374,4,0,4,3,1,75,1,3,1,1,54.96,60+,False,True,False,False,False,False,False,False,False,False,False,False,False,True,False,False,False,False,False,True,True,False,True,False
1,27,2528,0,1,4,1,1,32,1,2,2,1,101.12,25-40,False,True,False,False,False,False,False,False,False,False,False,False,True,True,False,False,False,False,False,True,True,False,True,False
1,72,5595,1,2,2,2,2,24,1,2,1,0,111.9,<25,False,True,False,False,False,False,False,True,False,False,False,False,False,False,False,True,False,False,False,True,True,False,False,False
0,12,1289,0,2,4,1,1,21,1,1,1,1,51.56,<25,False,True,False,False,False,False,True,False,False,False,False,False,False,False,True,False,False,True,False,True,True,False,False,False
1,8,1237,0,2,3,4,0,24,1,2,1,0,37.11,<25,False,True,False,False,False,False,True,False,False,False,False,False,False,True,False,False,False,False,False,True,True,False,False,False
1,15,802,0,4,4,3,2,37,1,2,2,0,32.08,25-40,False,True,False,False,False,False,False,True,False,False,False,False,False,False,True,False,False,False,False,True,True,False,False,False
1,48,14421,0,2,2,2,2,25,1,2,1,0,288.42,25-40,False,False,False,False,False,False,False,False,False,False,False,False,True,False,True,False,False,False,False,True,True,False,True,False
3,6,2108,0,3,2,2,0,29,1,2,1,1,42.16,25-40,False,True,False,False,False,False,False,True,False,False,False,False,False,False,False,True,False,False,False,True,False,False,False,False
0,15,806,0,2,4,4,1,22,1,1,1,1,32.24,<25,False,True,False,False,False,False,False,False,False,False,False,False,True,True,False,False,False,False,False,True,True,False,False,False
3,12,1264,4,4,4,4,3,57,1,1,1,1,50.56,40-60,False,False,False,True,False,False,False,False,False,False,False,False,True,False,True,False,False,False,False,True,False,False,False,False
1,6,1050,0,0,4,1,1,35,2,3,1,1,42.0,25-40,False,False,True,False,False,False,True,False,False,False,False,False,False,False,True,False,False,False,True,False,True,False,True,False
3,24,3488,1,3,3,4,2,23,1,2,1,1,104.64,<25,False,True,False,False,True,False,False,False,False,False,False,False,False,True,False,False,False,False,False,True,True,False,False,False
0,9,1288,1,4,3,4,0,48,2,2,2,1,38.64,40-60,False,False,False,True,False,False,False,False,False,True,False,False,False,False,True,False,False,True,False,True,True,False,False,True
3,12,1123,2,2,4,4,2,29,1,1,1,0,44.92,25-40,False,True,False,False,False,False,True,False,False,False,False,False,False,True,False,False,False,False,False,True,False,False,False,False
0,9,1422,0,1,3,2,3,27,1,3,1,0,42.66,25-40,False,True,False,False,False,False,False,False,False,False,False,False,False,False,True,False,False,False,False,True,False,True,True,False
0,30,11998,0,1,1,1,3,34,1,1,1,0,119.98,25-40,False,True,False,False,False,False,False,False,False,True,False,False,False,False,False,False,False,False,False,True,True,False,True,False
0,12,3590,0,2,2,2,1,29,1,1,2,1,71.8,25-40,False,True,False,False,False,False,True,False,False,False,False,False,False,False,True,False,True,False,False,True,True,False,False,False
0,24,2325,1,3,2,3,2,32,1,2,1,1,46.5,25-40,True,False,False,False,False,False,False,False,False,False,False,False,False,False,True,False,False,False,False,False,True,False,False,False
3,27,5117,0,3,3,4,2,26,2,2,1,1,153.51,25-40,False,False,True,False,False,False,False,False,False,False,False,False,True,False,True,False,False,False,False,True,True,False,False,False
1,24,2039,0,1,1,1,1,22,1,2,1,0,20.39,<25,False,True,False,False,False,False,False,True,False,False,False,False,False,False,False,True,False,False,False,True,True,False,True,False
3,15,2788,0,3,2,3,2,24,2,2,1,1,55.76,<25,False,False,False,True,False,False,True,False,False,False,False,False,False,True,False,False,True,False,False,False,True,False,False,False
3,12,1240,4,4,4,2,0,38,2,2,1,1,49.6,25-40,False,False,False,True,False,False,False,True,False,False,False,False,False,True,False,False,False,False,False,True,True,False,True,False
3,18,6458,0,4,2,4,3,39,2,3,2,0,129.16,25-40,True,False,False,False,False,False,False,False,False,False,False,False,False,False,True,False,False,False,False,False,True,False,True,False
1,13,882,0,1,4,4,0,23,2,2,1,1,35.28,<25,False,False,False,True,False,False,False,True,False,False,False,False,False,False,True,False,False,True,False,True,True,False,False,False
3,18,1149,3,2,4,3,0,46,2,2,1,1,45.96,40-60,False,False,False,True,False,False,False,True,False,False,False,False,False,False,True,False,False,False,False,True,True,False,False,False
1,12,1484,4,2,2,1,0,25,1,2,1,0,29.68,25-40,False,True,False,False,False,False,False,True,False,False,False,False,False,False,False,True,False,False,False,True,True,False,True,False
3,36,9055,4,2,2,4,3,35,1,1,2,1,181.1,25-40,False,True,False,False,False,False,False,False,False,False,True,False,False,False,True,False,False,False,False,True,False,True,True,False
1,18,1928,0,1,2,2,0,31,2,1,1,0,38.56,25-40,False,False,False,True,False,False,True,False,False,False,False,False,False,False,True,False,False,False,False,True,True,False,False,False
2,12,1424,4,4,3,4,0,55,1,3,1,1,42.72,40-60,False,True,False,False,False,False,True,False,False,False,False,False,False,True,False,False,False,False,False,True,True,False,True,False
3,24,2578,3,4,2,2,2,34,1,2,1,1,51.56,25-40,False,False,False,True,False,False,False,True,False,False,False,False,False,False,True,False,False,False,False,True,True,False,False,False
3,48,4844,0,0,3,2,2,33,1,3,1,0,145.32,25-40,False,True,False,False,False,False,False,False,False,False,False,False,True,False,True,False,False,False,False,False,False,False,True,False
1,30,2991,4,4,2,4,2,25,1,2,1,1,59.82,25-40,False,True,False,False,False,False,False,True,False,False,False,False,False,True,False,False,False,False,False,True,True,False,False,False
3,12,1258,0,1,2,4,1,22,2,1,1,1,25.16,<25,False,False,False,True,False,False,True,False,False,False,False,False,False,True,False,False,False,False,False,True,False,False,False,False
0,9,1366,0,1,3,4,1,22,1,2,1,0,40.98,<25,False,True,False,False,False,False,False,True,False,False,False,False,False,True,False,False,False,False,False,True,False,False,False,False
0,36,8335,4,4,3,4,3,47,1,2,1,0,250.05,40-60,False,True,False,False,True,False,False,False,False,False,False,False,False,False,True,False,False,False,False,True,False,True,False,False
0,36,2746,0,4,4,4,2,31,1,2,1,0,109.84,25-40,True,False,False,False,False,False,True,False,False,False,False,False,False,False,True,False,False,False,False,False,True,False,False,False
3,15,1478,0,2,4,3,0,33,2,2,1,1,59.12,25-40,False,False,True,False,False,False,False,True,False,False,False,False,False,False,False,True,False,False,False,False,True,False,False,False
1,12,888,0,4,4,4,2,41,1,1,2,0,35.52,40-60,False,True,False,False,False,False,False,False,False,False,False,False,False,False,True,False,False,False,False,False,True,False,False,False
3,18,1864,1,2,4,2,0,30,2,2,1,0,74.56,25-40,False,False,False,True,False,False,False,False,False,False,True,False,False,True,False,False,False,False,False,True,True,False,False,False
3,6,1898,4,2,1,2,0,34,2,1,2,1,18.98,25-40,False,False,False,True,False,False,False,True,False,False,False,False,False,False,True,False,False,False,False,True,True,False,False,False
3,36,5742,1,3,2,2,2,31,2,2,1,1,114.84,25-40,False,True,False,False,False,False,False,False,False,False,False,False,True,False,True,False,False,False,False,True,True,False,True,False
0,6,1198,0,4,4,4,3,35,1,2,1,0,47.92,25-40,True,False,False,False,False,False,False,False,False,False,True,False,False,True,False,False,False,False,False,True,False,True,False,False
0,48,7763,0,4,4,4,3,42,1,3,1,0,310.52,40-60,False,True,False,False,False,False,False,False,False,False,False,False,False,False,True,False,False,False,False,False,False,True,False,False
2,30,3017,0,4,4,4,1,47,1,2,1,1,120.68,40-60,False,False,False,True,False,False,False,True,False,False,False,False,False,False,True,False,False,False,False,True,True,False,False,False
3,12,719,0,4,4,4,2,41,1,1,2,0,28.76,40-60,False,True,False,False,False,False,False,False,False,False,True,False,False,False,True,False,False,False,False,False,True,False,False,False
1,6,368,4,4,4,4,1,38,1,2,1,1,14.72,25-40,False,True,False,False,False,False,False,True,False,False,False,False,False,False,True,False,False,False,False,True,True,False,False,False
3,15,1213,2,4,4,3,1,47,1,2,1,1,48.52,40-60,False,True,False,False,False,False,False,True,False,False,False,False,False,False,True,False,False,False,True,False,True,False,True,False
3,24,1474,1,1,4,3,0,33,1,2,1,1,58.96,25-40,False,True,False,False,False,False,False,False,False,False,False,False,False,False,False,True,False,False,False,True,True,False,True,False
1,9,1154,0,4,2,4,0,37,3,1,1,1,23.08,25-40,False,False,False,True,False,False,False,True,False,False,False,False,False,False,True,False,False,False,False,True,True,False,False,False
3,18,1505,0,2,4,2,3,32,1,3,1,1,60.2,25-40,False,True,False,False,False,False,False,True,False,False,False,False,False,False,True,False,False,False,False,True,False,True,True,False
0,24,3234,0,1,4,4,0,23,1,1,1,0,129.36,<25,False,True,False,False,False,False,True,False,False,False,False,False,False,True,False,False,False,False,False,True,False,False,True,False
3,15,5045,4,4,1,4,2,59,1,2,1,1,50.45,40-60,False,False,False,True,False,False,False,False,False,False,False,False,False,True,False,False,False,False,False,True,True,False,True,False
3,12,2390,4,4,4,3,2,50,1,2,1,1,95.6,40-60,False,True,False,False,False,False,False,False,False,False,False,False,False,False,True,False,False,False,False,True,True,False,True,False
1,24,4057,0,3,3,3,2,43,1,2,1,0,121.71,40-60,False,True,False,False,False,False,True,False,False,False,False,False,False,False,False,False,False,False,False,True,True,False,True,False
0,36,3959,0,0,4,3,1,30,1,3,1,1,158.36,25-40,False,True,False,False,False,False,True,False,False,False,False,False,False,False,True,False,False,False,False,True,True,False,True,False
0,12,2578,0,0,3,4,3,55,1,3,1,1,77.34,40-60,False,True,False,False,False,False,True,False,False,False,False,False,False,True,False,False,False,False,False,True,False,True,False,False
1,36,6948,0,2,2,2,2,35,1,3,1,1,138.96,25-40,False,True,False,False,True,False,False,False,False,False,False,False,False,False,True,False,False,False,False,True,False,False,True,False
3,11,1154,1,0,4,4,0,57,3,1,1,1,46.16,40-60,False,False,False,True,False,False,False,True,False,False,False,False,False,True,False,False,False,False,False,True,True,False,False,False
0,21,571,0,4,4,4,0,65,2,2,1,1,22.84,60+,False,False,False,True,False,False,False,False,False,False,False,False,False,False,True,False,False,False,False,True,True,False,False,False
2,15,2687,0,3,2,4,1,26,1,2,1,1,53.74,25-40,False,True,False,False,False,False,False,False,False,False,False,False,True,False,True,False,False,False,False,True,False,False,True,False
0,21,3357,3,1,4,2,2,29,1,2,1,1,134.28,25-40,False,True,False,False,False,False,False,True,False,False,False,False,False,True,False,False,False,False,False,False,True,False,False,False
1,9,3195,4,2,1,2,0,33,1,1,1,1,31.95,25-40,False,True,False,False,False,False,False,False,False,False,False,False,False,True,False,False,False,False,False,True,True,False,False,False
1,48,3060,0,3,4,4,0,28,2,2,1,0,122.4,25-40,False,True,False,False,False,False,False,True,False,False,False,False,False,False,True,False,False,False,False,True,True,False,False,False
1,18,7374,0,0,4,4,1,40,2,3,1,1,294.96,40-60,False,False,False,True,False,False,True,False,False,False,False,False,False,False,True,False,False,False,True,False,True,False,True,False
0,24,4817,0,3,2,3,1,31,1,2,1,0,96.34,25-40,False,True,False,False,False,False,False,False,False,False,False,False,False,False,True,False,True,False,False,True,True,False,True,False
3,12,2292,0,0,4,2,2,42,2,3,1,0,91.68,40-60,False,False,False,True,False,False,False,False,False,False,False,False,True,False,True,False,False,False,True,False,True,False,True,False
2,6,1047,0,2,2,4,1,50,1,1,1,1,20.94,40-60,False,False,False,True,False,False,False,False,False,False,True,False,False,True,False,False,False,False,False,True,True,False,False,False
0,18,3966,0,4,1,4,0,33,3,2,1,0,39.66,25-40,False,False,False,True,False,False,False,False,False,False,False,False,False,True,False,False,False,False,False,False,False,False,True,False
3,24,1258,0,3,4,1,0,25,1,2,1,1,50.32,25-40,False,True,False,False,False,False,False,False,False,False,False,False,True,False,True,False,False,False,False,True,True,False,True,False
3,27,4526,3,1,4,2,0,32,2,1,2,1,181.04,25-40,False,False,False,True,False,False,True,False,False,False,False,False,False,False,True,False,False,False,True,False,True,False,True,False
0,24,1282,1,2,4,2,2,32,1,1,1,0,51.28,25-40,False,True,False,False,False,False,False,True,False,False,False,False,False,True,False,False,False,False,False,True,True,False,False,False
1,60,9157,4,2,2,2,3,27,1,3,1,1,183.14,25-40,False,False,True,False,False,False,False,True,False,False,False,False,False,False,True,False,False,False,False,True,False,True,False,False
0,24,3123,0,1,4,1,1,27,1,2,1,0,124.92,25-40,False,True,False,False,False,False,False,False,False,False,False,False,False,True,False,False,False,False,False,True,True,False,False,False
2,9,1337,0,1,4,2,2,34,2,3,1,0,53.48,25-40,False,False,False,False,False,False,False,True,False,False,False,False,False,False,True,False,False,False,False,True,True,False,True,False
3,15,2186,4,3,1,4,0,33,1,1,1,1,21.86,25-40,False,True,False,False,False,False,True,False,False,False,False,False,False,True,False,False,False,False,False,False,False,False,False,False
0,12,759,0,3,4,2,0,26,1,2,1,0,30.36,25-40,False,True,False,False,False,False,False,False,False,False,False,False,False,False,True,False,False,False,False,True,True,False,False,False
0,48,7685,0,3,2,4,2,37,1,2,1,0,153.7,25-40,True,False,False,False,False,False,False,False,False,False,False,False,True,True,False,False,False,True,False,True,False,False,False,False
3,4,601,0,1,1,3,0,23,1,1,2,1,6.01,<25,False,True,False,False,False,False,True,False,False,False,False,False,False,True,False,False,False,False,False,True,False,False,False,False
3,24,3863,0,2,1,2,3,32,1,2,1,1,38.63,25-40,False,False,True,False,False,False,False,False,False,False,False,False,True,False,True,False,False,False,False,True,False,True,False,False
0,60,7297,0,4,4,4,3,36,1,2,1,0,291.88,25-40,False,True,False,False,False,False,False,False,False,False,False,False,True,False,True,False,True,False,False,True,False,False,False,False
3,12,1935,0,4,4,4,0,43,3,2,1,1,77.4,40-60,False,False,False,True,False,False,True,False,False,False,False,False,False,False,True,False,False,False,False,True,True,False,True,False
0,36,5371,0,2,3,2,1,28,2,2,1,1,161.13,25-40,False,False,False,True,False,False,True,False,False,False,False,False,False,False,True,False,False,True,False,True,True,False,False,False
3,12,2141,1,3,3,1,3,35,1,2,1,1,64.23,25-40,False,True,False,False,False,False,False,True,False,False,False,False,False,False,True,False,False,False,False,True,True,False,False,False
3,12,2073,1,2,4,2,0,28,1,2,1,1,82.92,25-40,False,True,False,False,False,False,False,True,False,False,False,False,False,True,False,False,True,False,False,True,True,False,False,False
1,36,5800,0,2,3,4,2,34,2,2,1,1,174.0,25-40,False,False,False,True,True,False,False,False,False,False,False,False,False,False,True,False,False,False,False,True,True,False,True,False
1,6,590,0,1,3,3,0,26,1,1,1,1,17.7,25-40,False,True,False,False,False,False,False,True,False,False,False,False,False,False,False,True,False,False,False,True,True,False,False,True
0,12,1893,0,2,4,4,1,29,1,2,1,1,75.72,25-40,False,True,False,False,False,False,False,False,False,False,False,False,False,True,False,False,False,True,False,True,True,False,True,False
0,9,654,0,2,4,3,2,28,1,1,1,0,26.16,25-40,False,True,False,False,False,False,False,False,False,False,False,False,False,False,True,False,False,False,False,True,True,False,False,False
1,7,2329,0,1,1,1,0,45,1,2,1,1,23.29,40-60,False,True,False,False,False,False,False,True,False,False,False,False,False,True,False,False,False,True,False,True,True,False,False,False
0,12,1200,4,2,4,4,1,23,1,2,1,1,48.0,<25,False,True,False,False,False,False,False,False,False,False,True,False,False,True,False,False,False,False,False,False,False,False,True,False
3,12,1413,3,3,3,2,1,55,1,2,1,1,42.39,40-60,False,True,False,False,True,False,False,False,False,False,False,False,False,False,True,False,False,False,False,True,True,False,False,True
3,24,2463,1,3,4,3,1,27,2,2,1,1,98.52,25-40,False,False,False,True,False,False,False,False,False,False,False,False,False,False,False,True,False,False,False,True,True,False,True,False
1,30,3496,3,2,4,2,2,34,1,2,2,1,139.84,25-40,True,False,False,False,False,False,True,False,False,False,False,False,False,False,True,False,False,False,True,False,True,False,True,False
1,15,2631,1,2,2,4,2,28,2,2,1,0,52.62,25-40,False,True,False,False,False,False,False,False,False,False,False,False,False,True,False,False,False,False,False,True,False,False,True,False
0,24,6419,0,4,2,4,3,44,2,3,2,1,128.38,40-60,False,False,False,True,True,False,False,False,False,False,False,False,False,True,False,False,False,False,False,True,False,True,True,False
3,24,3757,0,4,4,4,3,62,1,2,1,1,150.28,60+,False,True,False,False,False,False,False,False,False,False,False,False,False,True,False,False,True,False,False,True,False,True,True,False
0,36,1842,0,1,4,4,2,34,1,2,1,0,73.68,25-40,False,True,False,False,False,False,False,False,False,False,False,False,False,True,False,False,False,False,False,True,True,False,True,False
1,12,1331,0,1,2,1,2,22,1,2,1,0,26.62,<25,False,True,False,False,False,False,False,True,False,False,False,False,False,False,True,False,False,False,True,False,True,False,False,False
1,18,5866,1,2,2,2,2,30,2,2,1,1,117.32,25-40,False,True,False,False,False,False,False,False,False,False,False,False,False,False,True,False,False,False,False,True,True,False,True,False
3,12,2759,0,4,2,4,1,34,2,2,1,1,55.18,25-40,False,False,False,False,False,False,True,False,False,False,False,False,False,False,True,False,False,False,False,True,True,False,False,False
0,30,10623,0,4,3,4,3,38,3,3,2,1,318.69,25-40,False,False,False,True,True,False,False,False,False,False,False,False,False,False,True,False,False,False,False,True,False,True,True,False
1,27,5965,0,4,1,2,2,30,2,3,1,1,59.65,25-40,False,False,True,False,True,False,False,False,False,False,False,False,False,False,True,False,False,False,False,True,True,False,True,False
2,12,1297,0,2,3,4,0,23,1,2,1,1,38.91,<25,False,True,False,False,False,False,False,True,False,False,False,False,False,False,False,True,False,False,False,True,False,False,False,False
0,12,900,4,2,4,2,2,23,1,2,1,0,36.0,<25,False,True,False,False,False,False,False,False,False,False,False,False,False,False,False,True,False,False,False,True,True,False,False,False
1,48,5951,0,2,2,2,0,22,1,2,1,0,119.02,<25,False,True,False,False,False,False,False,True,False,False,False,False,False,True,False,False,False,False,False,True,True,False,False,False
0,18,3509,0,3,4,1,0,25,1,2,1,1,140.36,25-40,False,True,False,False,False,False,False,True,False,False,False,False,False,True,False,False,False,True,False,True,True,False,False,False
0,27,2442,0,4,4,4,2,43,4,3,2,1,97.68,40-60,False,False,False,True,False,False,False,False,False,False,False,False,True,False,True,False,False,False,True,False,True,False,True,False
3,42,7166,4,3,2,4,1,29,1,2,1,1,143.32,25-40,False,True,False,False,False,False,False,True,False,False,False,False,False,False,False,True,False,False,False,True,False,False,True,False
3,24,6314,0,0,4,2,3,27,2,3,1,1,252.56,25-40,False,False,False,True,False,True,False,False,False,False,False,False,False,False,True,False,True,False,False,False,True,False,True,False
1,6,932,4,3,1,3,1,39,2,1,1,1,9.32,25-40,False,False,False,True,False,False,False,False,False,False,False,True,False,True,False,False,False,False,False,True,True,False,False,False
3,6,1238,4,0,4,4,1,36,1,3,2,1,49.52,25-40,False,True,False,False,False,False,False,False,False,False,False,True,False,False,True,False,False,False,False,True,True,False,True,False
3,18,3378,4,2,2,1,1,31,1,2,1,1,67.56,25-40,False,True,False,False,True,False,False,False,False,False,False,False,False,False,True,False,False,False,False,True,True,False,True,False
1,12,1318,3,4,4,4,0,54,1,2,1,1,52.72,40-60,False,True,False,False,False,False,False,False,False,False,False,False,False,False,True,False,False,False,False,True,True,False,True,False
0,18,3104,0,3,3,1,1,31,1,2,1,1,93.12,25-40,False,False,False,False,False,False,False,False,False,False,False,False,True,False,True,False,False,False,False,False,True,False,True,False
3,24,5507,0,4,3,4,3,44,2,2,1,1,165.21,40-60,False,False,False,True,False,False,False,False,False,True,False,False,False,False,True,False,False,False,False,True,False,True,False,False
3,21,5003,4,2,1,4,1,29,2,2,1,0,50.03,25-40,False,False,False,False,False,False,False,False,False,False,False,False,False,True,False,False,False,False,False,False,True,False,True,False
1,36,2671,1,2,4,4,3,50,1,2,1,0,106.84,40-60,False,True,False,False,False,False,False,True,False,False,False,False,False,True,False,False,True,False,False,True,False,True,False,False
3,15,1316,2,2,2,2,1,47,2,1,1,1,26.32,40-60,False,False,False,True,False,False,False,True,False,False,False,False,False,False,False,True,False,False,False,True,True,False,False,False
3,12,717,0,4,4,4,0,52,3,2,1,1,28.68,40-60,False,False,False,True,False,False,False,True,False,False,False,False,False,False,True,False,False,False,False,True,True,False,False,False
0,24,1285,4,3,4,4,3,32,1,2,1,0,51.4,25-40,False,True,False,False,False,False,False,False,False,False,False,False,False,True,False,False,False,False,False,True,False,False,False,False
0,18,1131,0,0,4,2,2,33,1,2,1,0,45.24,25-40,False,True,False,False,False,False,True,False,False,False,False,False,False,True,False,False,False,False,False,True,True,False,False,False
0,18,2039,0,2,1,4,0,20,1,2,1,0,20.39,<25,False,True,False,False,False,False,True,False,False,False,False,False,False,True,False,False,False,False,False,False,False,False,False,False
3,24,2022,0,2,4,4,2,37,1,2,1,1,80.88,25-40,False,False,False,True,False,False,False,False,False,False,False,False,False,True,False,False,False,False,False,True,True,False,True,False
3,24,3777,3,2,4,4,0,50,1,2,1,1,151.08,40-60,False,False,False,True,False,False,True,False,False,False,False,False,False,False,True,False,False,False,False,True,True,False,True,False
3,15,960,3,3,3,2,1,30,2,2,1,1,28.8,25-40,False,False,True,False,False,False,True,False,False,False,False,False,False,True,False,False,False,False,False,True,True,False,False,False
3,33,7253,0,3,3,2,2,35,2,3,1,1,217.59,25-40,False,False,False,True,True,False,False,False,False,False,False,False,False,False,True,False,False,False,False,True,True,False,True,False
2,18,1445,4,3,4,4,2,49,1,1,1,1,57.8,40-60,True,False,False,False,False,False,False,True,False,False,False,False,False,False,True,False,False,False,False,False,True,False,False,False
0,9,1138,0,2,4,4,0,25,2,1,1,1,45.52,25-40,False,False,False,True,False,False,False,True,False,False,False,False,False,False,True,False,False,False,False,True,True,False,False,False
1,36,9034,1,1,4,1,3,29,1,3,1,0,361.36,25-40,False,True,False,False,False,False,True,False,False,False,False,False,False,False,True,False,True,False,False,True,False,False,True,False
3,30,4811,4,3,2,4,1,24,1,1,1,1,96.22,<25,False,True,False,False,True,False,False,False,False,False,False,False,False,True,False,False,False,False,True,False,False,False,False,False
1,12,2762,4,4,1,2,1,25,1,2,1,0,27.62,25-40,False,True,False,False,False,False,True,False,False,False,False,False,False,True,False,False,False,False,False,False,True,False,True,False
1,9,1670,0,1,4,2,2,22,1,2,1,0,66.8,<25,False,True,False,False,False,False,False,True,False,False,False,False,False,True,False,False,False,False,False,True,True,False,True,False
1,6,753,0,2,2,3,0,64,1,2,1,1,15.06,60+,False,True,False,False,False,False,False,True,False,False,False,False,False,True,False,False,False,True,False,True,True,False,False,False
1,9,1919,0,3,4,3,2,35,1,2,1,1,76.76,25-40,False,False,False,True,False,False,True,False,False,False,False,False,False,False,True,False,False,False,False,True,False,False,True,False
0,12,1620,0,2,2,3,1,30,1,2,1,1,32.4,25-40,False,True,False,False,False,False,True,False,False,False,False,False,False,True,False,False,True,False,False,True,True,False,False,False
3,12,701,0,2,4,2,2,32,2,2,1,1,28.04,25-40,False,False,False,True,False,False,False,False,False,False,True,False,False,False,True,False,False,False,False,True,True,False,False,False
0,18,1216,0,1,4,3,2,23,1,2,1,0,48.64,<25,False,True,False,False,False,False,False,False,False,False,False,False,False,True,False,False,False,False,False,True,False,False,True,False
3,24,5804,3,2,4,2,0,27,2,2,1,1,232.16,25-40,False,False,False,True,True,False,False,False,False,False,False,False,False,False,True,False,False,False,False,True,True,False,False,False
1,24,11328,0,2,2,3,2,29,2,3,1,0,226.56,25-40,False,True,False,False,False,True,False,False,False,False,False,False,False,False,True,False,True,False,False,False,True,False,True,False
3,36,3079,4,2,4,4,0,36,1,2,1,1,123.16,25-40,False,True,False,False,False,False,False,False,False,False,False,False,False,False,True,False,False,False,False,True,True,False,False,False
3,12,996,4,3,4,4,0,23,2,2,1,1,39.84,<25,False,False,False,True,False,False,False,False,False,True,False,False,False,True,False,False,False,False,False,True,True,False,False,False
1,21,1188,0,4,2,4,1,39,1,2,2,0,23.76,25-40,False,True,False,False,False,False,False,False,False,False,False,False,True,True,False,False,False,False,False,True,True,False,False,False
0,9,2136,0,2,3,2,0,25,1,2,1,1,64.08,25-40,False,True,False,False,False,False,True,False,False,False,False,False,False,False,True,False,False,False,False,True,True,False,False,False
1,18,4297,0,4,4,3,3,40,1,3,1,0,171.88,40-60,False,False,True,False,False,False,True,False,False,False,False,False,False,False,False,False,False,False,False,True,True,False,True,False
3,22,1283,4,3,4,4,1,25,1,2,1,1,51.32,25-40,False,True,False,False,False,False,False,False,False,False,False,False,False,True,False,False,False,False,False,True,False,False,False,False
1,13,2101,0,1,2,4,1,23,1,1,1,1,42.02,<25,False,True,False,False,False,False,False,True,False,False,False,False,False,True,False,False,False,True,False,True,True,False,False,False
3,24,1376,2,3,4,1,2,28,1,2,1,1,55.04,25-40,False,True,False,False,False,False,False,True,False,False,False,False,False,True,False,False,False,False,False,True,True,False,False,False
3,15,1829,0,4,4,4,2,46,2,2,1,1,73.16,40-60,False,False,False,True,False,False,False,True,False,False,False,False,False,False,True,False,False,False,False,True,True,False,True,False
0,12,1282,0,2,2,4,2,20,1,2,1,0,25.64,<25,False,True,False,False,False,False,True,False,False,False,False,False,False,True,False,False,False,False,False,True,False,False,False,False
3,6,783,4,2,1,2,0,26,1,1,2,1,7.83,25-40,True,False,False,False,False,False,False,False,False,False,False,False,False,False,True,False,False,True,True,False,True,False,False,False
0,24,3349,2,1,4,4,3,30,1,2,2,0,133.96,25-40,True,False,False,False,False,False,True,False,False,False,False,False,False,False,True,False,False,False,False,True,False,True,True,False
3,36,11054,4,2,4,2,2,30,1,3,1,1,442.16,25-40,False,False,False,True,True,False,False,False,False,False,False,False,False,False,True,False,False,False,False,True,True,False,True,False
3,39,2569,2,2,4,4,2,24,1,2,1,1,102.76,<25,False,True,False,False,True,False,False,False,False,False,False,False,False,False,True,False,False,False,False,True,True,False,False,False
1,12,836,1,1,4,2,1,23,1,1,1,0,33.44,<25,False,True,False,False,False,False,False,False,False,False,False,False,False,True,False,False,False,False,False,False,True,False,False,False
1,20,7057,4,3,3,4,1,36,2,3,2,1,211.71,25-40,False,False,True,False,True,False,False,False,False,False,False,False,False,False,True,False,False,False,False,False,False,False,True,False
1,18,1887,4,2,4,4,0,28,2,2,1,1,75.48,25-40,False,False,False,True,False,False,False,False,False,False,False,False,True,False,False,True,False,False,False,False,True,False,False,False
0,6,338,2,4,4,4,2,52,2,2,1,1,13.52,40-60,False,False,False,True,False,False,False,True,False,False,False,False,False,False,True,False,False,False,False,True,True,False,False,False
3,24,4526,0,2,3,2,0,74,1,3,1,1,135.78,60+,False,False,False,True,False,False,False,False,False,False,False,False,True,False,True,False,False,False,False,True,True,False,True,False
2,10,1240,1,4,1,4,3,48,1,1,2,0,12.4,40-60,False,True,False,False,False,False,False,False,False,False,False,False,False,True,False,False,False,False,False,True,False,True,False,False
3,36,6304,4,4,4,4,0,36,2,2,1,1,252.16,25-40,False,False,False,True,False,False,False,False,False,False,False,False,True,False,True,False,False,False,False,True,True,False,False,False
0,24,1823,0,0,4,2,2,30,1,3,2,0,72.92,25-40,False,True,False,False,False,False,False,True,False,False,False,False,False,False,True,False,False,False,True,False,True,False,False,False
2,24,1344,4,3,4,2,0,37,2,1,2,0,53.76,25-40,False,False,False,True,False,False,False,False,False,False,False,False,False,False,True,False,False,False,False,False,True,False,False,False
0,12,684,0,2,4,4,2,40,1,1,2,0,27.36,40-60,False,True,False,False,False,False,False,False,False,False,True,False,False,False,True,False,False,False,False,True,False,False,False,False
0,24,1193,0,0,1,4,3,29,2,0,1,0,11.93,25-40,True,False,False,False,False,False,False,False,False,False,False,False,False,True,False,False,True,False,False,True,False,False,False,False
2,6,2116,0,2,2,2,0,41,1,2,1,1,42.32,40-60,False,True,False,False,False,False,True,False,False,False,False,False,False,False,True,False,False,False,False,True,True,False,True,False
3,36,2613,0,2,4,2,2,27,2,2,1,1,104.52,25-40,False,False,False,False,False,False,False,False,False,True,False,False,False,False,True,False,False,False,False,True,True,False,False,False
1,26,7966,0,1,2,3,2,30,2,2,1,1,159.32,25-40,False,True,False,False,True,False,False,False,False,False,False,False,False,False,True,False,False,False,False,True,True,False,False,False
3,30,5771,0,3,4,2,2,25,2,2,1,1,230.84,25-40,False,False,False,True,False,False,False,True,False,False,False,False,False,True,False,False,False,False,False,True,True,False,False,False
0,48,6143,0,4,4,4,3,58,2,1,1,0,245.72,40-60,False,False,False,True,True,False,False,False,False,False,False,False,False,True,False,False,False,False,True,False,False,True,False,False
3,48,3609,0,2,1,1,0,27,1,2,1,1,36.09,25-40,True,False,False,False,False,False,False,False,False,False,False,False,True,True,False,False,False,False,True,False,True,False,False,False
3,10,1364,0,2,2,4,2,64,1,2,1,1,27.28,60+,False,True,False,False,False,False,False,False,False,False,False,False,False,True,False,False,False,False,False,True,True,False,True,False
3,24,2611,0,4,4,3,0,46,2,2,1,1,104.44,40-60,False,False,False,True,False,False,False,True,False,False,False,False,False,False,False,True,True,False,False,True,True,False,False,False
3,36,3349,0,2,4,2,2,28,1,3,1,0,133.96,25-40,False,True,False,False,False,False,True,False,False,False,False,False,False,True,False,False,False,False,False,True,True,False,True,False
0,36,3620,0,2,1,2,1,37,1,2,2,1,36.2,25-40,False,True,False,False,False,False,True,False,False,False,False,False,False,False,True,False,False,True,False,True,True,False,False,False
3,6,932,0,2,3,2,0,24,1,2,1,1,27.96,<25,False,False,True,False,False,False,False,True,False,False,False,False,False,True,False,False,False,False,False,True,True,False,False,False
0,12,1274,0,1,3,1,0,37,1,1,1,0,38.22,25-40,False,True,False,False,False,False,False,False,False,False,False,False,False,True,False,False,False,False,False,True,True,False,False,False
1,24,3878,1,1,4,2,2,37,1,2,1,1,155.12,25-40,False,False,False,True,False,False,False,False,False,False,False,False,False,False,False,False,False,False,False,True,True,False,True,False
1,24,1935,0,4,4,4,0,31,2,2,1,0,77.4,25-40,False,False,False,True,False,False,False,False,False,False,False,False,True,False,False,False,False,False,False,True,True,False,True,False
3,10,894,4,3,4,3,1,40,1,2,1,1,35.76,40-60,False,True,False,False,False,False,False,False,False,False,False,True,False,True,False,False,False,False,False,True,True,False,True,False
0,14,3973,0,0,1,4,3,22,1,2,1,1,39.73,<25,False,True,False,False,False,False,False,False,False,False,False,False,False,False,True,False,False,False,False,True,False,True,False,False
3,6,1236,2,2,2,4,1,50,1,2,1,1,24.72,40-60,False,True,False,False,True,False,False,False,False,False,False,False,False,False,True,False,False,False,False,True,False,False,False,False
